customer_vehicle_id,vehicle_id,region,visit_count,first_visit_date,last_visit_date,days_since_last_visit,customer_tenure_days,avg_spend,lifetime_value,max_invoice_value,min_invoice_value,avg_days_between_visits,churn_flag,loyal_customer_flag,fleet_flag
03E2635DC2B87BEE94D52341FCA4E441DD377237B5A21B44B694F7C08CA6F8A1,03E2635DC2B87BEE94D52341FCA4E441DD377237B5A21B44B694F7C08CA6F8A1,207,1,7/31/2023 12:00:00 AM,7/31/2023 12:00:00 AM,1063,0,112.29,112.29,112.29,112.29,,1,0,0
047275D01A0D67E469AD17ECADBDCFC0E2CB65B03EB4EEEF80B275E16D337A85,047275D01A0D67E469AD17ECADBDCFC0E2CB65B03EB4EEEF80B275E16D337A85,207,13,4/16/2021 12:00:00 AM,5/9/2024 12:00:00 AM,780,1119,51.7669,672.97,66.48,40.49,93.25,1,1,0
05D79D4C098D0F2D4A4BF88502D16F1A9B5278A0F7EAE2B4AA4256CBF85890DA,05D79D4C098D0F2D4A4BF88502D16F1A9B5278A0F7EAE2B4AA4256CBF85890DA,211,4,2/5/2022 12:00:00 AM,2/13/2026 12:00:00 AM,135,1469,93.4425,373.77,143.56,60.59,489.666666666666,0,0,0
06142FEE22C0995B84878192C32128176B340B6F7D0F46A6EEF6FBF906A4C987,06142FEE22C0995B84878192C32128176B340B6F7D0F46A6EEF6FBF906A4C987,207,4,7/14/2019 12:00:00 AM,4/18/2026 12:00:00 AM,71,2470,392.9475,1571.79,699.95,65.99,823.333333333333,0,0,0
087F3AAEDC57F48DD6A0CE9A0C5793108174122283BBF1FDFC95EDF04DB0AED9,087F3AAEDC57F48DD6A0CE9A0C5793108174122283BBF1FDFC95EDF04DB0AED9,207,3,3/21/2020 12:00:00 AM,6/18/2021 12:00:00 AM,1836,454,77.65,232.95,82.98,66.99,227.0,1,0,0
091BAA3C26ED7FA32E170E0E72B1BBF33C952B4B75CD291FC843A29EDBCBD438,091BAA3C26ED7FA32E170E0E72B1BBF33C952B4B75CD291FC843A29EDBCBD438,212,8,6/22/2020 12:00:00 AM,5/9/2023 12:00:00 AM,1146,1051,87.605,700.84,123.98,61.99,150.142857142857,1,1,0
1101A2DF0F1C8DBCDE20A7CB6531E883CB1BD16E0C46FB2A0F70F8F8D9E05328,1101A2DF0F1C8DBCDE20A7CB6531E883CB1BD16E0C46FB2A0F70F8F8D9E05328,207,10,4/22/2018 12:00:00 AM,12/20/2021 12:00:00 AM,1651,1338,82.381,823.81,229.97,34.99,148.666666666666,1,1,0
17E0348679F3838BE5235917A54D32626D4984F5D45A8283A17C99E5D2DAA60B,17E0348679F3838BE5235917A54D32626D4984F5D45A8283A17C99E5D2DAA60B,207,7,7/13/2021 12:00:00 AM,6/25/2026 12:00:00 AM,3,1808,82.1042,574.73,216.27,0.0,301.333333333333,0,1,1
1BE88B57328F2E115D96F0674580EE5AD046319DC24908F90297853C7639F0D0,1BE88B57328F2E115D96F0674580EE5AD046319DC24908F90297853C7639F0D0,207,2,11/3/2020 12:00:00 AM,5/20/2022 12:00:00 AM,1500,563,60.985,121.97,66.98,54.99,563.0,1,0,0
22B3BD6331D0046DD35E9ED7062F6254825091B1C38959A7F5AD49DFD6DC75B1,22B3BD6331D0046DD35E9ED7062F6254825091B1C38959A7F5AD49DFD6DC75B1,207,5,1/5/2022 12:00:00 AM,4/30/2025 12:00:00 AM,424,1211,136.158,680.79,440.86,0.0,302.75,1,1,0
231167645FBF2BBF76EC2D6F9C0EBBD59651AF176D6816B9B2467720C81726ED,231167645FBF2BBF76EC2D6F9C0EBBD59651AF176D6816B9B2467720C81726ED,207,3,5/20/2021 12:00:00 AM,10/16/2023 12:00:00 AM,986,879,51.31,153.93,54.99,44.99,439.5,1,0,0
238DF5471A202BA3D0FEF9A3E53FD7C688EAA14FC875B00976AED42BBF6DCC43,238DF5471A202BA3D0FEF9A3E53FD7C688EAA14FC875B00976AED42BBF6DCC43,207,4,12/22/2020 12:00:00 AM,7/30/2022 12:00:00 AM,1429,585,77.4875,309.95,179.99,29.99,195.0,1,0,0
2A4AF42FA6159C1512F5333D487F3C029AAED1F9EDC6F2C4A717DAF82D4A97C5,2A4AF42FA6159C1512F5333D487F3C029AAED1F9EDC6F2C4A717DAF82D4A97C5,207,1,12/10/2021 12:00:00 AM,12/10/2021 12:00:00 AM,1661,0,153.97,153.97,153.97,153.97,,1,0,0
2C530D17026CFC2057A15D40718EB0E50C0A73BE6A6C3F03E5C32DC9BAE5C13F,2C530D17026CFC2057A15D40718EB0E50C0A73BE6A6C3F03E5C32DC9BAE5C13F,207,8,6/4/2019 12:00:00 AM,6/1/2022 12:00:00 AM,1488,1093,34.81,278.48,124.6,0.0,156.142857142857,1,1,0
2CA0B81B80301F64F4B75C15C571479B2C4F7364EBBB4E4F20EBB26C8F1A5549,2CA0B81B80301F64F4B75C15C571479B2C4F7364EBBB4E4F20EBB26C8F1A5549,208,1,9/8/2020 12:00:00 AM,9/8/2020 12:00:00 AM,2119,0,38.99,38.99,38.99,38.99,,1,0,0
2F1E76FBA6C4DCB07BC30A88FBCA790F395ED393DB7BB8213BFA162970908D2F,2F1E76FBA6C4DCB07BC30A88FBCA790F395ED393DB7BB8213BFA162970908D2F,202,2,11/20/2018 12:00:00 AM,8/24/2021 12:00:00 AM,1769,1008,102.68,205.36,115.98,89.38,1008.0,1,0,1
2F817FC7FC591739BADF2BD620A54DBFAD5BBD322084576E583249C909315015,2F817FC7FC591739BADF2BD620A54DBFAD5BBD322084576E583249C909315015,207,5,9/17/2022 12:00:00 AM,6/14/2025 12:00:00 AM,379,1001,111.918,559.59,181.12,0.0,250.25,1,1,0
3711F63C752CE99DC61AA735F86121CFE69EF7EC5417652CB1170950E6CCB709,3711F63C752CE99DC61AA735F86121CFE69EF7EC5417652CB1170950E6CCB709,207,23,5/22/2019 12:00:00 AM,5/9/2026 12:00:00 AM,50,2544,100.4926,2311.33,168.95,19.99,115.636363636363,0,1,0
37BBEA6C915FF6DBA43A8D1F6034A948727B417FA0D6B770E5C731C271757D0F,37BBEA6C915FF6DBA43A8D1F6034A948727B417FA0D6B770E5C731C271757D0F,212,1,3/20/2019 12:00:00 AM,3/20/2019 12:00:00 AM,2657,0,69.69,69.69,69.69,69.69,,1,0,1
3A1D0EC7ABB83BC3239DF58DD6CFA4D87CED4496B703CB5E79034A7323185285,3A1D0EC7ABB83BC3239DF58DD6CFA4D87CED4496B703CB5E79034A7323185285,207,1,3/26/2018 12:00:00 AM,3/26/2018 12:00:00 AM,3016,0,44.99,44.99,44.99,44.99,,1,0,0
3AA8096176EB76C23FF548402161168C5A4C0DD4156197BFA990D8DDACE159EA,3AA8096176EB76C23FF548402161168C5A4C0DD4156197BFA990D8DDACE159EA,221,7,5/6/2019 12:00:00 AM,5/6/2024 12:00:00 AM,783,1827,95.1057,665.74,126.93,49.99,304.5,1,1,0
3BB1910D1B692517E20A4FFDD49010BCE4A008FBC43579639C78942C8C0806B6,3BB1910D1B692517E20A4FFDD49010BCE4A008FBC43579639C78942C8C0806B6,207,1,2/15/2025 12:00:00 AM,2/15/2025 12:00:00 AM,498,0,82.95,82.95,82.95,82.95,,1,0,0
3BB44AD6ED566412765237DF819286702807EE3117CC8C9CD826781A37D8D31D,3BB44AD6ED566412765237DF819286702807EE3117CC8C9CD826781A37D8D31D,207,1,9/20/2025 12:00:00 AM,9/20/2025 12:00:00 AM,281,0,262.98,262.98,262.98,262.98,,1,0,0
3CC7D9930740861BB64562D6F6B672455A333E8C81A0474804E48975766A9C68,3CC7D9930740861BB64562D6F6B672455A333E8C81A0474804E48975766A9C68,200,4,11/29/2020 12:00:00 AM,1/22/2023 12:00:00 AM,1253,784,84.2375,336.95,143.98,25.0,261.333333333333,1,0,0
41643F735F740A31B4AC4B76328DD40DED3441752AB17FF8F27FE40E3AF92346,41643F735F740A31B4AC4B76328DD40DED3441752AB17FF8F27FE40E3AF92346,207,5,8/19/2024 12:00:00 AM,3/14/2026 12:00:00 AM,106,572,108.376,541.88,177.97,67.98,143.0,0,1,0
42843C12423676E33D24F6976C0CDB5B64870B1FC894064FDCC3104291D5BDA9,42843C12423676E33D24F6976C0CDB5B64870B1FC894064FDCC3104291D5BDA9,225,2,7/14/2025 12:00:00 AM,9/21/2025 12:00:00 AM,280,69,102.215,204.43,124.71,79.72,69.0,1,0,1
47507D67C73658B913A3652CA8E50FB8B16B8FDE581D3B519F61B2A725E5AE67,47507D67C73658B913A3652CA8E50FB8B16B8FDE581D3B519F61B2A725E5AE67,200,9,5/17/2019 12:00:00 AM,4/10/2026 12:00:00 AM,79,2520,157.0044,1413.04,479.17,0.0,315.0,0,1,0
4876BB90E822A01ECBA2073119DC547A6658B2A1EBD260A13B8CD7E08BD76B59,4876BB90E822A01ECBA2073119DC547A6658B2A1EBD260A13B8CD7E08BD76B59,207,19,4/20/2020 12:00:00 AM,5/26/2026 12:00:00 AM,33,2227,90.1489,1712.83,239.38,0.0,123.722222222222,0,1,0
56DC99122A43B4DD8884C7025DF820002869250293EAEBC693AAABA5F7B93022,56DC99122A43B4DD8884C7025DF820002869250293EAEBC693AAABA5F7B93022,207,9,9/4/2019 12:00:00 AM,12/8/2023 12:00:00 AM,933,1556,242.4911,2182.42,588.66,0.0,194.5,1,1,0
58A386D88006766244E3671513FE4EF61C231EB92B0FA995F49E5946E61856F6,58A386D88006766244E3671513FE4EF61C231EB92B0FA995F49E5946E61856F6,207,5,4/19/2018 12:00:00 AM,1/29/2020 12:00:00 AM,2342,650,113.388,566.94,129.98,102.99,162.5,1,1,0
5F24967CF7E3CF9B85D75AD0152DAA717175B5882B86E2C12526F184F3D23A3F,5F24967CF7E3CF9B85D75AD0152DAA717175B5882B86E2C12526F184F3D23A3F,207,1,10/27/2023 12:00:00 AM,10/27/2023 12:00:00 AM,975,0,132.54,132.54,132.54,132.54,,1,0,1
5F6812743F0D32B6D4B49E9D8AAD41AD6235FB85DC950A24DD6D6DB59E8F48D1,5F6812743F0D32B6D4B49E9D8AAD41AD6235FB85DC950A24DD6D6DB59E8F48D1,212,1,11/21/2019 12:00:00 AM,11/21/2019 12:00:00 AM,2411,0,24.99,24.99,24.99,24.99,,1,0,0
612E5D5869D0CB3C4FCA29363CA86F838060409C02F496CA580CD824DAE4D7C4,612E5D5869D0CB3C4FCA29363CA86F838060409C02F496CA580CD824DAE4D7C4,207,7,6/23/2018 12:00:00 AM,1/8/2020 12:00:00 AM,2363,564,108.91,762.37,273.52,53.59,94.0,1,1,0
6453248C2F5E679E5A49BE60381F86114228D4AC00B7841713DE38A96977B108,6453248C2F5E679E5A49BE60381F86114228D4AC00B7841713DE38A96977B108,207,7,9/12/2019 12:00:00 AM,8/3/2021 12:00:00 AM,1790,691,44.9157,314.41,101.29,0.0,115.166666666666,1,1,1
657621E7037891E6CDF704C8705110E894B09D92E052FBF77AEA1D812097FC06,657621E7037891E6CDF704C8705110E894B09D92E052FBF77AEA1D812097FC06,207,7,8/8/2019 12:00:00 AM,1/9/2026 12:00:00 AM,170,2346,51.17,358.19,65.78,16.99,391.0,0,1,0
66A046DDBD83E675517CCBE74DD81228525001D658179271D1C9AEE43D95561F,66A046DDBD83E675517CCBE74DD81228525001D658179271D1C9AEE43D95561F,320,12,6/14/2018 12:00:00 AM,8/4/2021 12:00:00 AM,1789,1147,50.6566,607.88,53.39,44.59,104.272727272727,1,1,0
678FEBDEF70532033BD6406784B5539248ADFC20A287345D81301EB2302F908F,678FEBDEF70532033BD6406784B5539248ADFC20A287345D81301EB2302F908F,207,6,11/23/2024 12:00:00 AM,4/29/2026 12:00:00 AM,60,522,261.5616,1569.37,613.55,0.0,104.4,0,1,0
687BFAA1F2B0E4ACB78C581DD4FB90B38C226130ED0BB23A33FCDD8DDB58845F,687BFAA1F2B0E4ACB78C581DD4FB90B38C226130ED0BB23A33FCDD8DDB58845F,207,9,5/3/2023 12:00:00 AM,6/5/2026 12:00:00 AM,23,1129,188.3422,1695.08,429.93,33.99,141.125,0,1,0
68C30A3F103A6ED0BBB12C9086DF824A6F41B560910F3A0CEECE09B098111B57,68C30A3F103A6ED0BBB12C9086DF824A6F41B560910F3A0CEECE09B098111B57,207,2,12/27/2021 12:00:00 AM,6/24/2023 12:00:00 AM,1100,544,149.975,299.95,185.97,113.98,544.0,1,0,1
6B1A445BF5D35B6457E2640F9E1B9DBD5461CF7E4C7818945924BE2FEF530E33,6B1A445BF5D35B6457E2640F9E1B9DBD5461CF7E4C7818945924BE2FEF530E33,200,3,8/2/2025 12:00:00 AM,10/18/2025 12:00:00 AM,253,77,43.52,130.56,65.28,0.0,38.5,1,0,0
6E83EC3DE50CF348475C2610EF98D0206099CDFEF6DD02A0D198422468E6022E,6E83EC3DE50CF348475C2610EF98D0206099CDFEF6DD02A0D198422468E6022E,207,1,10/24/2025 12:00:00 AM,10/24/2025 12:00:00 AM,247,0,55.99,55.99,55.99,55.99,,1,0,0
71AE989BC4FB3B31CF3ED33703EAAF4B10D8361B2FD3E3C39B7328DBB4F8AEFB,71AE989BC4FB3B31CF3ED33703EAAF4B10D8361B2FD3E3C39B7328DBB4F8AEFB,207,12,2/14/2022 12:00:00 AM,4/8/2026 12:00:00 AM,81,1514,64.7358,776.83,112.98,45.99,137.636363636363,0,1,0
746A5C029549A40E6EB29C0A85A3EF10B248F3FF39947452AB3EA0AB996628A2,746A5C029549A40E6EB29C0A85A3EF10B248F3FF39947452AB3EA0AB996628A2,207,5,6/16/2022 12:00:00 AM,9/19/2024 12:00:00 AM,647,826,106.066,530.33,154.98,86.99,206.5,1,1,0
752F138673E59FF197C79D693517E1B937E4D50CE1E23BA739502F0D05DD3B81,752F138673E59FF197C79D693517E1B937E4D50CE1E23BA739502F0D05DD3B81,207,7,7/21/2018 12:00:00 AM,1/30/2024 12:00:00 AM,880,2019,478.8328,3351.83,2524.9,81.98,336.5,1,1,0
75F97619DEE5E7246E5B14CECCB09F3AF1230EEDDEA4D4B5A0CBACD5B2DE6A50,75F97619DEE5E7246E5B14CECCB09F3AF1230EEDDEA4D4B5A0CBACD5B2DE6A50,207,22,2/28/2023 12:00:00 AM,5/1/2026 12:00:00 AM,58,1158,72.8945,1603.68,230.37,0.0,55.142857142857,0,1,0
77C9F7EAA6A255ECFDD3EA5F54538B720DFAA7E3FE795CC3217F59191AB10E51,77C9F7EAA6A255ECFDD3EA5F54538B720DFAA7E3FE795CC3217F59191AB10E51,207,1,6/20/2020 12:00:00 AM,6/20/2020 12:00:00 AM,2199,0,70.48,70.48,70.48,70.48,,1,0,0
780B8B37250890F8DA2C1723BE0990C235B1EA739272B8233500C11CB572BB5D,780B8B37250890F8DA2C1723BE0990C235B1EA739272B8233500C11CB572BB5D,208,4,7/25/2023 12:00:00 AM,10/6/2025 12:00:00 AM,265,804,54.99,219.96,69.99,14.99,268.0,1,0,0
7860CD600455DA9AF97DA3C04D34E311C964560AF4734ABE46313CD9FD6192F8,7860CD600455DA9AF97DA3C04D34E311C964560AF4734ABE46313CD9FD6192F8,200,3,4/7/2024 12:00:00 AM,9/12/2025 12:00:00 AM,289,523,142.2833,426.85,184.96,91.95,261.5,1,0,0
78D7F40962C9E47A59509A8AE5EC341C53079F56A92773D67C0B605A3E6FEF55,78D7F40962C9E47A59509A8AE5EC341C53079F56A92773D67C0B605A3E6FEF55,207,5,2/25/2020 12:00:00 AM,5/22/2025 12:00:00 AM,402,1913,96.778,483.89,152.97,67.99,478.25,1,1,0
78F346E38AC242D67081A71D845E192362BEB902FB0BD6A9C07E7334C6A5B422,78F346E38AC242D67081A71D845E192362BEB902FB0BD6A9C07E7334C6A5B422,207,5,9/22/2020 12:00:00 AM,2/8/2026 12:00:00 AM,140,1965,98.954,494.77,122.98,85.84,491.25,0,1,1
7B03595E8BD6443807C9B27D8F0A74C3DC92BD4305999D10F4EA4070E4A6AD29,7B03595E8BD6443807C9B27D8F0A74C3DC92BD4305999D10F4EA4070E4A6AD29,210,8,4/17/2024 12:00:00 AM,5/21/2026 12:00:00 AM,38,764,104.0912,832.73,169.97,0.0,109.142857142857,0,1,0
7CEBA83CF8AFAAB94A8BB530E06BB695D8D416CFB676EB1423ECFA057B047892,7CEBA83CF8AFAAB94A8BB530E06BB695D8D416CFB676EB1423ECFA057B047892,207,14,6/9/2018 12:00:00 AM,3/25/2022 12:00:00 AM,1556,1385,62.1535,870.15,108.96,41.99,106.538461538461,1,1,0
7CFA50AC666E9A8D04EA4D4262FA8AA9315BFED0B372AC2DAC18949C45836A0D,7CFA50AC666E9A8D04EA4D4262FA8AA9315BFED0B372AC2DAC18949C45836A0D,207,3,10/12/2019 12:00:00 AM,1/5/2021 12:00:00 AM,2000,451,155.2833,465.85,201.97,128.93,225.5,1,0,0
7F3F67E5134A29D8EA19282D83A23DDD186EA38A50A46C53F3D192B35D1F62CA,7F3F67E5134A29D8EA19282D83A23DDD186EA38A50A46C53F3D192B35D1F62CA,220,1,12/18/2024 12:00:00 AM,12/18/2024 12:00:00 AM,557,0,109.95,109.95,109.95,109.95,,1,0,1
8052FF4653AFA23D8FF61E8B24242734D25C4304970D3A52965E00B3E6ACE9A0,8052FF4653AFA23D8FF61E8B24242734D25C4304970D3A52965E00B3E6ACE9A0,207,1,6/25/2024 12:00:00 AM,6/25/2024 12:00:00 AM,733,0,64.99,64.99,64.99,64.99,,1,0,0
805D5F523344678AF52174438813053EF91F5C33F40628A8BE6F54F33B049B1A,805D5F523344678AF52174438813053EF91F5C33F40628A8BE6F54F33B049B1A,207,1,4/22/2026 12:00:00 AM,4/22/2026 12:00:00 AM,67,0,0.0,0.0,0.0,0.0,,0,0,0
81AF610FF2C17CADAFFAE3871179F37BBFBAE66786E05EE1F5E82ABEA4A9C0BB,81AF610FF2C17CADAFFAE3871179F37BBFBAE66786E05EE1F5E82ABEA4A9C0BB,207,1,5/21/2021 12:00:00 AM,5/21/2021 12:00:00 AM,1864,0,75.99,75.99,75.99,75.99,,1,0,0
826A8678C6F460129B82F46E5EFFCE433FBAD93886651DC6324EDD08F9723B70,826A8678C6F460129B82F46E5EFFCE433FBAD93886651DC6324EDD08F9723B70,207,9,6/3/2019 12:00:00 AM,3/9/2023 12:00:00 AM,1207,1375,50.8944,458.05,113.02,0.0,171.875,1,1,1
8470A38609F096804450CFC76A30F76AEAEE696E4B562A3BDC6AF9EE120C2412,8470A38609F096804450CFC76A30F76AEAEE696E4B562A3BDC6AF9EE120C2412,201,2,1/17/2022 12:00:00 AM,4/25/2026 12:00:00 AM,64,1559,143.47,286.94,186.95,99.99,1559.0,0,0,1
85495FC1EDFDC05137D45D51F754759FA249CFB0DF3ABFE2AE1B1678ABCF8B22,85495FC1EDFDC05137D45D51F754759FA249CFB0DF3ABFE2AE1B1678ABCF8B22,207,6,1/26/2019 12:00:00 AM,9/18/2022 12:00:00 AM,1379,1331,59.0616,354.37,78.18,5.1,266.2,1,1,1
877BC196E91C52E6CC093CBB3AFE52D09C4F35155C466A112A10F85BB2B6723B,877BC196E91C52E6CC093CBB3AFE52D09C4F35155C466A112A10F85BB2B6723B,200,5,12/2/2021 12:00:00 AM,10/3/2025 12:00:00 AM,268,1401,53.828,269.14,70.18,39.99,350.25,1,1,0
914A8C0140DFC4793BE1EDC66D93D6BAC4F93EA14DA1894E0CC51A7AFCFFBD30,914A8C0140DFC4793BE1EDC66D93D6BAC4F93EA14DA1894E0CC51A7AFCFFBD30,207,5,5/10/2018 12:00:00 AM,7/20/2020 12:00:00 AM,2169,802,65.982,329.91,90.48,39.99,200.5,1,1,0
9487F358F4111CBC4A634AB6285D1537E64937B4FA4B3073976452952235E70E,9487F358F4111CBC4A634AB6285D1537E64937B4FA4B3073976452952235E70E,200,5,9/30/2023 12:00:00 AM,11/25/2025 12:00:00 AM,215,787,69.486,347.43,104.48,49.49,196.75,1,1,0
9686FBF8222429D9DE5E081CAD6851C1E00F2A22E43F2FFED991AAC1BC8FAD4D,9686FBF8222429D9DE5E081CAD6851C1E00F2A22E43F2FFED991AAC1BC8FAD4D,207,16,5/1/2019 12:00:00 AM,4/13/2026 12:00:00 AM,76,2539,100.0256,1600.41,205.92,0.0,169.266666666666,0,1,0
97621534BF63108C35F2602A0F6012220E82D29E38E2DCB20CF7191C2BB87594,97621534BF63108C35F2602A0F6012220E82D29E38E2DCB20CF7191C2BB87594,201,1,7/16/2022 12:00:00 AM,7/16/2022 12:00:00 AM,1443,0,66.99,66.99,66.99,66.99,,1,0,0
98AB95C054E26EF8CF3765B5D3E54CDD8B194A0F056108390D9C18463F4E266A,98AB95C054E26EF8CF3765B5D3E54CDD8B194A0F056108390D9C18463F4E266A,207,6,7/12/2019 12:00:00 AM,6/5/2026 12:00:00 AM,23,2520,212.9616,1277.77,339.92,111.99,504.0,0,1,0
997DB713E32B466C6B6152E01AEBBB5E96C9CEDAFCA8B3EABC6F9BF20B850816,997DB713E32B466C6B6152E01AEBBB5E96C9CEDAFCA8B3EABC6F9BF20B850816,207,7,6/27/2019 12:00:00 AM,8/11/2022 12:00:00 AM,1417,1141,84.5471,591.83,198.93,0.0,190.166666666666,1,1,0
9A1A0064715197458BE71A044F1E25595FBF35BBD39154C0DAAC8D007813D32E,9A1A0064715197458BE71A044F1E25595FBF35BBD39154C0DAAC8D007813D32E,207,22,5/9/2018 12:00:00 AM,3/26/2026 12:00:00 AM,94,2878,135.8654,2989.04,313.47,59.99,137.047619047619,0,1,0
A3E54067C2B97E74C4834B9A775946E76EF2ECC4192745A27B33C89812EC8237,A3E54067C2B97E74C4834B9A775946E76EF2ECC4192745A27B33C89812EC8237,207,1,3/6/2020 12:00:00 AM,3/6/2020 12:00:00 AM,2305,0,73.77,73.77,73.77,73.77,,1,0,0
A66075EEC9554867558FD3C8F0B1DFE0F26A9505103DF38AF5F488B4626FC7C7,A66075EEC9554867558FD3C8F0B1DFE0F26A9505103DF38AF5F488B4626FC7C7,207,18,5/9/2018 12:00:00 AM,3/25/2023 12:00:00 AM,1191,1781,122.8972,2212.15,284.97,0.0,104.764705882352,1,1,0
AD3C3DB902AA7868150613F1E9ACF9785EEF20CC4471AC525610A7E11B207BB0,AD3C3DB902AA7868150613F1E9ACF9785EEF20CC4471AC525610A7E11B207BB0,212,4,6/7/2018 12:00:00 AM,11/14/2021 12:00:00 AM,1687,1256,95.4775,381.91,181.97,55.99,418.666666666666,1,0,0
AEB1B17FECF3ADC154105DCF13AB5C3BE6592071D97773107B79A22604AC68C6,AEB1B17FECF3ADC154105DCF13AB5C3BE6592071D97773107B79A22604AC68C6,207,8,1/30/2019 12:00:00 AM,8/17/2022 12:00:00 AM,1411,1295,101.975,815.8,219.93,61.99,185.0,1,1,0
B3B7100DD782F21C1AA33A95E71EC894BADC3A2DE33A8DFD413DEC7E58B2E169,B3B7100DD782F21C1AA33A95E71EC894BADC3A2DE33A8DFD413DEC7E58B2E169,207,6,10/18/2020 12:00:00 AM,4/19/2025 12:00:00 AM,435,1644,88.6466,531.88,104.97,58.39,328.8,1,1,0
BA167236C3E7718E860E2FD79CF7A94B03C24DC4E93E42AEEF5118DAB4F3226F,BA167236C3E7718E860E2FD79CF7A94B03C24DC4E93E42AEEF5118DAB4F3226F,207,6,4/23/2024 12:00:00 AM,2/19/2025 12:00:00 AM,494,302,93.135,558.81,195.93,0.0,60.4,1,1,0
BB79CACECD4E9B179EA9EE0530FA8308D5CA9C81DE6C061927AE3DECB2E97B4B,BB79CACECD4E9B179EA9EE0530FA8308D5CA9C81DE6C061927AE3DECB2E97B4B,207,12,7/16/2019 12:00:00 AM,11/8/2023 12:00:00 AM,963,1576,78.7091,944.51,156.56,0.0,143.272727272727,1,1,1
BC19A92B039787A9C1D7D032CA3878E17135710DA3846779F82525F182839D9D,BC19A92B039787A9C1D7D032CA3878E17135710DA3846779F82525F182839D9D,207,6,5/8/2023 12:00:00 AM,7/1/2025 12:00:00 AM,362,785,86.3166,517.9,128.97,66.99,157.0,1,1,0
BDC91C52164F9C8924F30089BBCBE768528DEE37ED62590F7C40807195089CCC,BDC91C52164F9C8924F30089BBCBE768528DEE37ED62590F7C40807195089CCC,211,1,4/13/2022 12:00:00 AM,4/13/2022 12:00:00 AM,1537,0,69.99,69.99,69.99,69.99,,1,0,0
C230D468D0D785925B3CB87AF8790D02F8017ACC792C40D6ABD48808643634A7,C230D468D0D785925B3CB87AF8790D02F8017ACC792C40D6ABD48808643634A7,207,7,6/18/2019 12:00:00 AM,5/14/2021 12:00:00 AM,1871,696,73.4057,513.84,88.97,64.98,116.0,1,1,0
C587B57CB1643B75ABB5E04E84FE2591DC64E026557760F03E3C0C28F969BABF,C587B57CB1643B75ABB5E04E84FE2591DC64E026557760F03E3C0C28F969BABF,207,6,2/5/2021 12:00:00 AM,9/9/2023 12:00:00 AM,1023,946,105.8066,634.84,186.96,42.99,189.2,1,1,0
C7EE97FE975CA4249C1A0CABB0375CBBD5F10BFA462405AE9D2EEEE197863E2F,C7EE97FE975CA4249C1A0CABB0375CBBD5F10BFA462405AE9D2EEEE197863E2F,200,6,9/8/2019 12:00:00 AM,3/25/2023 12:00:00 AM,1191,1294,53.9233,323.54,83.28,34.49,258.8,1,1,1
CAA28BFB85CCAF4819D40900868CF30F3FFC4F6D06F71F4EDCD83732B0D6DB95,CAA28BFB85CCAF4819D40900868CF30F3FFC4F6D06F71F4EDCD83732B0D6DB95,208,6,2/8/2019 12:00:00 AM,6/18/2023 12:00:00 AM,1106,1591,205.0416,1230.25,253.95,110.98,318.2,1,1,0
CF06418972666613504B8A298C1C5E38F05A1013F7391B7814CC5EFE737B7B41,CF06418972666613504B8A298C1C5E38F05A1013F7391B7814CC5EFE737B7B41,207,30,4/17/2018 12:00:00 AM,1/16/2026 12:00:00 AM,163,2831,152.7716,4583.15,490.96,0.0,97.620689655172,0,1,1
CFAC88948B5250F0456A64570198769619B5927590729EDBC0D21E4A12FF442A,CFAC88948B5250F0456A64570198769619B5927590729EDBC0D21E4A12FF442A,207,10,7/22/2024 12:00:00 AM,3/27/2026 12:00:00 AM,93,613,84.269,842.69,117.94,34.99,68.111111111111,0,1,0
D0F55844AC4B8AC1435633A58C09FBC7D7D3689EFDE794A5F10D3F2EE71DD0CF,D0F55844AC4B8AC1435633A58C09FBC7D7D3689EFDE794A5F10D3F2EE71DD0CF,208,1,3/3/2018 12:00:00 AM,3/3/2018 12:00:00 AM,3039,0,60.99,60.99,60.99,60.99,,1,0,0
D18854FEA3D6E45C2C60E75C18D6ACEF570CAF71968C2BA1805434509578E1E2,D18854FEA3D6E45C2C60E75C18D6ACEF570CAF71968C2BA1805434509578E1E2,207,7,6/7/2019 12:00:00 AM,5/1/2021 12:00:00 AM,1884,694,40.8457,285.92,64.98,31.99,115.666666666666,1,1,0
D198DDADA52B6D0303F32A6C25E705078AB549F0D844771DF92203151F6290AB,D198DDADA52B6D0303F32A6C25E705078AB549F0D844771DF92203151F6290AB,207,9,3/7/2022 12:00:00 AM,1/30/2026 12:00:00 AM,149,1425,99.9755,899.78,159.97,0.0,178.125,0,1,0
D399B1568BF91675D02D096BB498B5E806E86A652C058B40A712A2DE27F43028,D399B1568BF91675D02D096BB498B5E806E86A652C058B40A712A2DE27F43028,221,6,8/23/2025 12:00:00 AM,6/2/2026 12:00:00 AM,26,283,150.9733,905.84,345.96,69.99,56.6,0,1,0
D451F78E385ABF9A4464C7336040D77413E743C4CC36757BB4C7A169577E61D9,D451F78E385ABF9A4464C7336040D77413E743C4CC36757BB4C7A169577E61D9,207,6,11/21/2018 12:00:00 AM,3/5/2021 12:00:00 AM,1941,835,48.1533,288.92,70.97,41.99,167.0,1,1,0
D49EAE60D0B30D83ACDCFB5DCC8896CB41A031AC9EB753F5F6D2EFFD6A160490,D49EAE60D0B30D83ACDCFB5DCC8896CB41A031AC9EB753F5F6D2EFFD6A160490,207,6,3/1/2023 12:00:00 AM,12/26/2025 12:00:00 AM,184,1031,103.2966,619.78,109.99,99.95,206.2,1,1,0
D868A8894059FB9E3E0755FA7FED5053B35FF8E979EA3878DE2BEA39192AB23D,D868A8894059FB9E3E0755FA7FED5053B35FF8E979EA3878DE2BEA39192AB23D,200,1,3/14/2024 12:00:00 AM,3/14/2024 12:00:00 AM,836,0,89.99,89.99,89.99,89.99,,1,0,0
DD241F54B3E79CED3548EAD547C84A009F9CA048953CB622A4E19F62EA8366AA,DD241F54B3E79CED3548EAD547C84A009F9CA048953CB622A4E19F62EA8366AA,209,5,6/4/2024 12:00:00 AM,4/15/2026 12:00:00 AM,74,680,140.954,704.77,239.92,98.98,170.0,0,1,0
DF51BB8A23A19912635A321D898FA34F04B8A0D58618BE6B05EE0F142CCA9063,DF51BB8A23A19912635A321D898FA34F04B8A0D58618BE6B05EE0F142CCA9063,207,11,11/10/2020 12:00:00 AM,9/30/2025 12:00:00 AM,271,1785,104.9709,1154.68,147.94,86.99,178.5,1,1,0
E02D272A62380F0D3EA19999B1B0E5A89EB301FC19181EAB756B9F79FBCC3DD3,E02D272A62380F0D3EA19999B1B0E5A89EB301FC19181EAB756B9F79FBCC3DD3,212,2,4/3/2019 12:00:00 AM,7/13/2019 12:00:00 AM,2542,101,148.47,296.94,159.96,136.98,101.0,1,0,0
E388698652577C7418A5FC822972F0B0569CF6F0E935376118869C7B0F8FBAE3,E388698652577C7418A5FC822972F0B0569CF6F0E935376118869C7B0F8FBAE3,207,1,9/15/2024 12:00:00 AM,9/15/2024 12:00:00 AM,651,0,0.0,0.0,0.0,0.0,,1,0,0
E5658D31954F6E7328034EE7AA68A207B6D093AC113C2B46B74FCCD48F933943,E5658D31954F6E7328034EE7AA68A207B6D093AC113C2B46B74FCCD48F933943,207,6,12/12/2023 12:00:00 AM,2/17/2026 12:00:00 AM,131,798,69.48,416.88,69.98,66.98,159.6,0,1,0
E5A78871F353B4808DE55F836B18BD522FEFB0D6E2B8AD91F2F223DF1D7F1850,E5A78871F353B4808DE55F836B18BD522FEFB0D6E2B8AD91F2F223DF1D7F1850,207,12,4/26/2018 12:00:00 AM,5/29/2020 12:00:00 AM,2221,764,56.8166,681.8,169.94,31.99,69.454545454545,1,1,0
E62D60EFF66EF1C63ECFD2148088A987B7125F7277D1B2DE93DF4C465DE6A33E,E62D60EFF66EF1C63ECFD2148088A987B7125F7277D1B2DE93DF4C465DE6A33E,207,5,1/17/2025 12:00:00 AM,8/15/2025 12:00:00 AM,317,210,130.548,652.74,243.94,66.95,52.5,1,1,0
ECD3E813CDD5728F0E84099E17D7D8926C5F70D63601C1B1CBBB29FA98B1ADAA,ECD3E813CDD5728F0E84099E17D7D8926C5F70D63601C1B1CBBB29FA98B1ADAA,207,12,7/3/2018 12:00:00 AM,6/30/2025 12:00:00 AM,363,2554,179.9225,2159.07,663.92,70.99,232.181818181818,1,1,0
F73B1E3B70DC48E8A6758267B36FA2C011BBE71A739D8228BCC318D6E0DDB76B,F73B1E3B70DC48E8A6758267B36FA2C011BBE71A739D8228BCC318D6E0DDB76B,207,8,11/22/2023 12:00:00 AM,3/13/2024 12:00:00 AM,837,112,99.0062,792.05,294.99,0.0,16.0,1,1,0
FE10A5EF1AEB93740137840C64BCF7961CBA96B305497DDAE617491972C8E68A,FE10A5EF1AEB93740137840C64BCF7961CBA96B305497DDAE617491972C8E68A,207,1,7/26/2020 12:00:00 AM,7/26/2020 12:00:00 AM,2163,0,56.99,56.99,56.99,56.99,,1,0,0
