invoice_line_category_code,invoice_line_category_name,item_service_flag,service_business_type_id,service_domain_id,service_complexity_level,active_flag
ILC25,CHARITABLE_DONATION,ITEM,4,32,ADMINISTRATIVE,True
ILC26,ENVIRONMENTAL_SURCHARGE_FEE,ITEM,4,32,ADMINISTRATIVE,True
ILC27,FILTER_CREDIT,ITEM,4,32,ADMINISTRATIVE,True
ILC28,GENERAL_SUPPLY_ITEM,ITEM,4,32,ADMINISTRATIVE,True
ILC29,GIFT_CARD_SALE,ITEM,4,32,ADMINISTRATIVE,True
ILC3,HOSE_CLAMP,ITEM,2,25,ROUTINE,True
ILC30,GIFT_CERTIFICATE_SALE,ITEM,4,32,ADMINISTRATIVE,True
ILC31,LOAN_PROCESSING_FEE,ITEM,4,32,ADMINISTRATIVE,True
ILC32,OIL_PURCHASE_CREDIT,ITEM,4,32,ADMINISTRATIVE,True
ILC33,OTHER_CUSTOMER_CREDIT,ITEM,4,32,ADMINISTRATIVE,True
ILC34,PACKAGE_CREDIT,ITEM,4,32,ADMINISTRATIVE,True
ILC35,SERVICE_COUPON_BOOK,ITEM,4,32,ADMINISTRATIVE,True
ILC36,STATE_BATTERY_TAX,ITEM,4,32,ADMINISTRATIVE,True
ILC37,STATE_MANDATED_FEE,ITEM,4,32,ADMINISTRATIVE,True
ILC38,TIRE_DISPOSAL_FEE,ITEM,4,32,ADMINISTRATIVE,True
ILC39,TIRE_STATE_MANDATED_FEE,ITEM,4,32,ADMINISTRATIVE,True
ILC4,OIL_DRAIN_PLUG,ITEM,2,25,ROUTINE,True
ILC40,USED_OIL_SALES,ITEM,4,32,ADMINISTRATIVE,True
ILC41,WAITING_ROOM_MERCHANDISE_SALE,ITEM,4,32,ADMINISTRATIVE,True
ILC42,MISCELLANEOUS_ITEM,ITEM,4,33,ADMINISTRATIVE,True
ILC43,SERVICE_COMMENT_NOTE,ITEM,4,33,ADMINISTRATIVE,True
ILC44,SHOP_SUPPLIES_BRAKES_AND_SERVICE,ITEM,4,33,ADMINISTRATIVE,True
ILC45,AIR_FILTER,ITEM,1,34,ROUTINE,True
ILC46,BREATHER,ITEM,1,34,ROUTINE,True
ILC47,CABIN_AIR_FILTER,ITEM,1,34,ROUTINE,True
ILC48,DIESEL_FUEL_FILTER,ITEM,1,34,ROUTINE,True
ILC49,FUEL_FILTER,ITEM,1,34,ROUTINE,True
ILC5,VEHICLE_ACCESSORY,ITEM,2,25,ROUTINE,True
ILC50,OIL_FILTER,ITEM,1,34,ROUTINE,True
ILC51,OIL_FILTER_SURCHARGE,ITEM,1,34,ADMINISTRATIVE,True
ILC52,PCV_VALVE,ITEM,1,34,ROUTINE,True
ILC53,TRANSMISSION_FILTER_KIT,ITEM,1,34,ROUTINE,True
ILC54,CONVENTIONAL_COOLANT,ITEM,1,35,ROUTINE,True
ILC55,CONVENTIONAL_ENGINE_OIL,ITEM,1,35,ROUTINE,True
ILC56,CONVENTIONAL_GEAR_LUBRICANT,ITEM,1,35,ROUTINE,True
ILC57,COOLING_SYSTEM_ADDITIVE,ITEM,1,35,ROUTINE,True
ILC58,DIESEL_EXHAUST_FLUID,ITEM,1,35,ROUTINE,True
ILC59,ENGINE_OIL_ADDITIVE_FLUID,ITEM,1,35,ROUTINE,True
ILC6,AIR_CONDITIONING_REFRIGERANT,ITEM,2,26,INTERMEDIATE,True
ILC60,HIGH_MILEAGE_ENGINE_OIL,ITEM,1,35,ROUTINE,True
ILC61,LUBE_FITTING,ITEM,1,35,ROUTINE,True
ILC62,MISCELLANEOUS_FLUID,ITEM,1,35,ROUTINE,True
ILC63,SYNTHETIC_COOLANT,ITEM,1,35,ROUTINE,True
ILC64,SYNTHETIC_ENGINE_OIL_BLEND,ITEM,1,35,ROUTINE,True
ILC65,SYNTHETIC_FLUID,ITEM,1,35,ROUTINE,True
ILC66,SYNTHETIC_GEAR_LUBRICANT,ITEM,1,35,ROUTINE,True
ILC67,TRANSMISSION_POWER_STEERING_ADDITIVE,ITEM,1,35,ROUTINE,True
ILC68,QUALITY_INSPECTION,ITEM,1,36,ROUTINE,True
ILC69,STATE_INSPECTION_STICKER,ITEM,1,36,ROUTINE,True
ILC7,AIR_CONDITIONING_REFRIGERANT_R12,ITEM,2,26,INTERMEDIATE,True
ILC70,CONVENTIONAL_GREASE,ITEM,1,37,ROUTINE,True
ILC71,SYNTHETIC_GREASE,ITEM,1,37,ROUTINE,True
ILC72,AUTOMATIC_TRANSMISSION_CONVENTIONAL_FLUID,ITEM,1,38,ROUTINE,True
ILC73,AUTOMATIC_TRANSMISSION_SYNTHETIC_FLUID,ITEM,1,38,ROUTINE,True
ILC74,ALTERNATOR,ITEM,3,40,REPAIR,True
ILC75,BATTERY,ITEM,3,40,REPAIR,True
ILC76,VEHICLE_STARTER,ITEM,3,40,REPAIR,True
ILC77,BRAKE_ACCESSORY,ITEM,3,41,REPAIR,True
ILC78,BRAKE_DRUM,ITEM,3,41,REPAIR,True
ILC79,BRAKE_FLUID,ITEM,3,41,INTERMEDIATE,True
ILC8,AIR_CONDITIONING_REFRIGERANT_R134A,ITEM,2,26,INTERMEDIATE,True
ILC80,BRAKE_INSPECTION,ITEM,3,41,ROUTINE,True
ILC81,BRAKE_PAD,ITEM,3,41,REPAIR,True
ILC82,BRAKE_ROTOR,ITEM,3,41,REPAIR,True
ILC83,BRAKE_SHOE,ITEM,3,41,REPAIR,True
ILC84,RADIATOR,ITEM,3,42,REPAIR,True
ILC85,RADIATOR_CAP,ITEM,3,42,REPAIR,True
ILC86,RADIATOR_HOSE,ITEM,3,42,REPAIR,True
ILC87,THERMOSTAT,ITEM,3,42,REPAIR,True
ILC88,WATER_PUMP,ITEM,3,42,REPAIR,True
ILC89,CV_AXLE,ITEM,3,43,REPAIR,True
ILC9,FUEL_SYSTEM_ADDITIVE,ITEM,2,27,ROUTINE,True
ILC90,CV_JOINT_BOOT,ITEM,3,43,REPAIR,True
ILC91,WHEEL_HUB,ITEM,3,43,REPAIR,True
ILC92,BELT_TENSIONER,ITEM,3,44,REPAIR,True
ILC93,ENGINE_BELT,ITEM,3,44,REPAIR,True
ILC94,OIL_PAN_GASKET,ITEM,3,44,REPAIR,True
ILC95,OXYGEN_SENSOR,ITEM,3,44,REPAIR,True
ILC96,SPARK_PLUG_ACCESSORIES,ITEM,3,44,REPAIR,True
ILC97,SPARK_PLUG_COIL,ITEM,3,44,REPAIR,True
ILC98,SPARK_PLUG_WIRES,ITEM,3,44,REPAIR,True
ILC99,SPARK_PLUGS,ITEM,3,44,REPAIR,True
ILC1,CONNECTED_VEHICLE_DEVICE,ITEM,2,25,INTERMEDIATE,True
ILC10,FUEL_SYSTEM_CLEANER,ITEM,2,27,ROUTINE,True
ILC100,VALVE_COVER_GASKET,ITEM,3,44,REPAIR,True
ILC101,ALIGNMENT_CAM_BOLT,ITEM,3,45,REPAIR,True
ILC102,SHOCK_ABSORBER,ITEM,3,45,REPAIR,True
ILC103,STRUT,ITEM,3,45,REPAIR,True
ILC104,SUPPORT_STRUT,ITEM,3,45,REPAIR,True
ILC105,ECONOMY_TIRE,ITEM,3,39,REPAIR,True
ILC106,NITROGEN_COMPRESSED_GAS,ITEM,3,39,INTERMEDIATE,True
ILC107,PERFORMANCE_TIRE,ITEM,3,39,REPAIR,True
ILC108,PREMIUM_TIRE,ITEM,3,39,REPAIR,True
ILC109,TIRE_INSTALLATION_LIFETIME_BALANCE_SERVICE,ITEM,3,39,INTERMEDIATE,True
ILC11,HALOGEN_BULB,ITEM,2,28,ROUTINE,True
ILC110,TIRE_INSTALLATION_ONE_TIME_BALANCE_SERVICE,ITEM,3,39,INTERMEDIATE,True
ILC111,TIRE_PRESSURE_MONITORING_SYSTEM_PARTS,ITEM,3,39,REPAIR,True
ILC112,TIRE_ROAD_HAZARD_WARRANTY_DECLINED,ITEM,3,39,ADMINISTRATIVE,True
ILC113,TIRE_ROAD_HAZARD_WARRANTY_INCLUDED,ITEM,3,39,ADMINISTRATIVE,True
ILC114,TIRE_ROAD_HAZARD_WARRANTY_LARGE,ITEM,3,39,ADMINISTRATIVE,True
ILC115,TIRE_ROAD_HAZARD_WARRANTY_SMALL,ITEM,3,39,ADMINISTRATIVE,True
ILC116,TIRE_WILDCARD,ITEM,3,39,ADMINISTRATIVE,True
ILC117,TRUCK_TIRE,ITEM,3,39,REPAIR,True
ILC118,WHEEL,ITEM,3,39,REPAIR,True
ILC119,WINTER_TIRE,ITEM,3,39,REPAIR,True
ILC12,HEADLAMP,ITEM,2,28,ROUTINE,True
ILC120,WINTER_TIRE,ITEM,3,39,REPAIR,True
ILC121,WINTER_TIRE_CHANGEOVER_SERVICE,ITEM,3,39,INTERMEDIATE,True
ILC122,AIR_CONDITIONING_EVACUATION_AND_RECHARGE_SERVICE,SERVICE,3,26,INTERMEDIATE,True
ILC123,THREE_STEP_FUEL_SYSTEM_CLEANING_SERVICE,SERVICE,3,27,INTERMEDIATE,True
ILC124,TWO_STEP_FUEL_SYSTEM_CLEANING_SERVICE,SERVICE,3,27,INTERMEDIATE,True
ILC125,LIGHT_BULB_REPLACEMENT_SERVICE,SERVICE,3,28,INTERMEDIATE,True
ILC126,EXTERIOR_POLISHING_SERVICE,SERVICE,3,29,INTERMEDIATE,True
ILC127,HEADLIGHT_CLEANING_SERVICE,SERVICE,3,29,INTERMEDIATE,True
ILC128,PAINTLESS_DENT_REPAIR_SERVICE,SERVICE,3,29,REPAIR,True
ILC129,WINDSHIELD_REPAIR_REFERRAL_SERVICE,SERVICE,3,29,ADMINISTRATIVE,True
ILC13,HID_HEADLIGHT_BULB,ITEM,2,28,ROUTINE,True
ILC130,WINDSHIELD_REPAIR_SERVICE,SERVICE,3,29,REPAIR,True
ILC131,WINDSHIELD_TREATMENT_PLAN_SERVICE,SERVICE,3,29,INTERMEDIATE,True
ILC132,CABIN_AIR_SANITIZATION_SERVICE,SERVICE,3,30,INTERMEDIATE,True
ILC133,FLOOR_MAT_CLEANING_SERVICE,SERVICE,3,30,INTERMEDIATE,True
ILC134,INTERIOR_REPAIR_SERVICE,SERVICE,3,30,REPAIR,True
ILC135,WINDSHIELD_WIPER_BLADE_SERVICE,SERVICE,3,31,INTERMEDIATE,True
ILC136,OTHER_MISCELLANEOUS_SERVICE,SERVICE,3,33,ADMINISTRATIVE,True
ILC137,AIR_FILTER_CLEANING_SERVICE,SERVICE,3,34,INTERMEDIATE,True
ILC138,DIESEL_FUEL_FILTER_REPLACEMENT_SERVICE,SERVICE,3,34,INTERMEDIATE,True
ILC139,FUEL_FILTER_REPLACEMENT_SERVICE,SERVICE,3,34,INTERMEDIATE,True
ILC14,MINIATURE_HEADLIGHT_BULB,ITEM,2,28,ROUTINE,True
ILC140,COOLANT_SERVICE,SERVICE,3,35,INTERMEDIATE,True
ILC141,ENGINE_FLUSH_SERVICE,SERVICE,3,35,INTERMEDIATE,True
ILC142,ENGINE_OIL_CHANGE_SERVICE,SERVICE,3,35,ROUTINE,True
ILC143,MISCELLANEOUS_FLUID_SERVICE,SERVICE,3,35,INTERMEDIATE,True
ILC144,POWER_STEERING_FLUID_EXCHANGE_SERVICE,SERVICE,3,35,INTERMEDIATE,True
ILC145,ELECTRIC_VEHICLE_INSPECTION_SERVICE,SERVICE,3,36,ROUTINE,True
ILC146,EMISSIONS_TESTING_SERVICE,SERVICE,3,36,ROUTINE,True
ILC147,FLEET_VEHICLE_INSPECTION_SERVICE,SERVICE,3,36,ROUTINE,True
ILC148,REINSPECTION_SERVICE,SERVICE,3,36,ROUTINE,True
ILC149,SAFETY_INSPECTION_SERVICE,SERVICE,3,36,ROUTINE,True
ILC15,CAR_WASH_SERVICE,ITEM,2,29,ROUTINE,True
ILC150,STATE_SAFETY_AND_EMISSIONS_INSPECTION_SERVICE,SERVICE,3,36,ROUTINE,True
ILC151,STATE_SAFETY_INSPECTION_SERVICE,SERVICE,3,36,ROUTINE,True
ILC152,BASIC_LUBE_SERVICE,SERVICE,3,37,ROUTINE,True
ILC153,OIL_CHANGE_BLEND_OIL,SERVICE,3,37,ROUTINE,True
ILC154,OIL_CHANGE_CONVENTIONAL_OIL,SERVICE,3,37,ROUTINE,True
ILC155,OIL_CHANGE_HIGH_MILEAGE_OIL,SERVICE,3,37,ROUTINE,True
ILC156,OIL_CHANGE_SYNTHETIC_OIL,SERVICE,3,37,ROUTINE,True
ILC157,PREMIUM_OIL_CHANGE_BLEND_OIL,SERVICE,3,37,ROUTINE,True
ILC158,PREMIUM_OIL_CHANGE_CONVENTIONAL_OIL,SERVICE,3,37,ROUTINE,True
ILC159,PREMIUM_OIL_CHANGE_HIGH_MILEAGE_OIL,SERVICE,3,37,ROUTINE,True
ILC16,HEADLIGHT_CLEANER_PRODUCT,ITEM,2,29,ROUTINE,True
ILC160,PREMIUM_OIL_CHANGE_SYNTHETIC_OIL,SERVICE,3,37,ROUTINE,True
ILC161,TIRE_ROTATION_SERVICE,SERVICE,3,39,ROUTINE,True
ILC162,AUTOMATIC_TRANSMISSION_DRAIN_AND_FILL_SERVICE,SERVICE,3,38,INTERMEDIATE,True
ILC163,AUTOMATIC_TRANSMISSION_FILTER_REPLACEMENT,SERVICE,3,38,INTERMEDIATE,True
ILC164,AUTOMATIC_TRANSMISSION_FLUID_EXCHANGE_SERVICE,SERVICE,3,38,INTERMEDIATE,True
ILC165,MANUAL_TRANSMISSION_SERVICE,SERVICE,3,38,INTERMEDIATE,True
ILC166,TRANSMISSION_SERVICE,SERVICE,3,38,INTERMEDIATE,True
ILC167,AIR_CONDITIONING_REPAIR_SERVICE,SERVICE,3,26,REPAIR,True
ILC168,HEATING_SYSTEM_REPAIR_SERVICE,SERVICE,3,26,REPAIR,True
ILC169,BATTERY_CABLE_SERVICE,SERVICE,3,40,INTERMEDIATE,True
ILC17,WINDSHIELD_TREATMENT,ITEM,2,29,ROUTINE,True
ILC170,BATTERY_DIAGNOSTIC_SERVICE,SERVICE,3,40,INTERMEDIATE,True
ILC171,BATTERY_REPLACEMENT_SERVICE,SERVICE,3,40,REPAIR,True
ILC172,BATTERY_TERMINAL_CLEANING_SERVICE,SERVICE,3,40,INTERMEDIATE,True
ILC173,STARTING_AND_CHARGING_SYSTEM_SERVICE,SERVICE,3,40,INTERMEDIATE,True
ILC174,BRAKE_CLEAN_AND_ADJUST_SERVICE,SERVICE,3,41,INTERMEDIATE,True
ILC175,BRAKE_FLUID_REPLACEMENT_SERVICE,SERVICE,3,41,INTERMEDIATE,True
ILC176,FRONT_BRAKE_SERVICE,SERVICE,3,41,REPAIR,True
ILC177,REAR_BRAKE_SERVICE,SERVICE,3,41,REPAIR,True
ILC178,ENGINE_COOLING_SYSTEM_REPAIR_SERVICE,SERVICE,3,42,REPAIR,True
ILC179,RADIATOR_SERVICE,SERVICE,3,42,INTERMEDIATE,True
ILC18,CABIN_AIR_SANITIZER,ITEM,2,30,ROUTINE,True
ILC180,CV_JOINT_AND_BOOT_REPLACEMENT_SERVICE,SERVICE,3,43,REPAIR,True
ILC181,DRIVETRAIN_REPLACEMENT_SERVICE,SERVICE,3,43,REPAIR,True
ILC182,FRONT_DIFFERENTIAL_SERVICE,SERVICE,3,43,INTERMEDIATE,True
ILC183,REAR_DIFFERENTIAL_SERVICE,SERVICE,3,43,INTERMEDIATE,True
ILC184,TRANSFER_CASE_SERVICE,SERVICE,3,43,INTERMEDIATE,True
ILC185,ENGINE_BELT_REPLACEMENT_SERVICE,SERVICE,3,44,REPAIR,True
ILC186,ENGINE_DIAGNOSTIC_SERVICE,SERVICE,3,44,INTERMEDIATE,True
ILC187,LIGHT_ENGINE_REPAIR_SERVICE,SERVICE,3,44,REPAIR,True
ILC188,ONBOARD_DIAGNOSTIC_SERVICE,SERVICE,3,44,INTERMEDIATE,True
ILC189,FUEL_SYSTEM_REPAIR_SERVICE,SERVICE,3,27,REPAIR,True
ILC19,PREMIUM_BEAM_WIPER_BLADE,ITEM,2,31,ROUTINE,True
ILC190,SHOCK_AND_STRUT_REPLACEMENT_SERVICE,SERVICE,3,45,REPAIR,True
ILC191,SUSPENSION_REPLACEMENT_SERVICE,SERVICE,3,45,REPAIR,True
ILC192,WHEEL_ALIGNMENT_SERVICE,SERVICE,3,45,INTERMEDIATE,True
ILC193,CARRY_IN_TIRE_INSTALLATION_SERVICE,SERVICE,3,39,INTERMEDIATE,True
ILC194,NITROGEN_TIRE_INFLATION_SERVICE,SERVICE,3,39,INTERMEDIATE,True
ILC195,TIRE_BALANCE_SERVICE,SERVICE,3,39,INTERMEDIATE,True
ILC196,TIRE_PRESSURE_MONITORING_SERVICE,SERVICE,3,39,INTERMEDIATE,True
ILC197,TIRE_REPAIR_SERVICE,SERVICE,3,39,REPAIR,True
ILC2,GAS_CAP,ITEM,2,25,ROUTINE,True
ILC20,PREMIUM_CONVENTIONAL_WIPER_BLADE,ITEM,2,31,ROUTINE,True
ILC21,SEASONAL_BEAM_WIPER_BLADE,ITEM,2,31,ROUTINE,True
ILC22,SEASONAL_CONVENTIONAL_WIPER_BLADE,ITEM,2,31,ROUTINE,True
ILC23,STANDARD_BEAM_WIPER_BLADE,ITEM,2,31,ROUTINE,True
ILC24,STANDARD_CONVENTIONAL_WIPER_BLADE,ITEM,2,31,ROUTINE,True
