retail_location_id,invoice_count,vehicle_count,total_revenue,avg_ticket
014E9FB03EC3E152833FB9E4541198DCE6719BD09349B4B309118E285EB5A3F0,87947,31801,9728981.55,110.6232
043066DAF2109523A7490D4BFAD4766DA5719950A2B5F96D192FC0537E84F32A,114714,43346,13287426.52,115.8309
0E17DACA5F3E175F448BACACE3BC0DA47D0655A74C8DD0DC497A3AFBDAD95F1F,153883,46162,17396832.98,113.0523
0EBB3519A0C4044C4571B2408A52E7ED8009564205CA65A69FD43F232352F256,77849,31125,9751998.09,125.2681
1877FBDA982A46B74A09469717845D0F24752C5C34CF25F513AFEF41C40E9058,78153,24442,8496941.09,108.7218
284B7E6D788F363F910F7BEB1910473E23CE9D6C871F1CE0F31F22A982D48AD4,97703,35623,7282417.19,74.5362
29DB0C6782DBD5000559EF4D9E953E300E2B479EED26D887EF3F92B921C06A67,105520,37151,13020286.01,123.3916
2AF4DD48399A5CF64C23FC7933E11AAF6171D80001B4B1377498AE6056B1ACBF,84330,26273,9691701.08,114.9258
2DFE70C43208F52B9EF4EA7E134705283947116491E81FBAC05F0AEDC25C5956,9083,5426,832533.74,91.6584
2E3ED35F801FBF17F0C92ED509CA439306540648C53A2F0AAD62FFAC980B24B0,44366,16239,6116399.03,137.8623
3658D7FA3C43456F3C9C87DB0490E872039516E6375336254560167CC3DB2EA2,62806,26719,9594996.13,152.7719
377ADEB4CD4096ADC7CA64B533938CFFC6294A9B3534F883B2336A26252CDA9A,84535,31137,9267529.63,109.6294
3949AC1596EC77106A709A618BF5ADCB19B77537CE8BCBDF54FF830169CDD084,53595,21979,5582277.71,104.1566
3CE59E84971BC7E65E82559E90B01DBC96E5000411CB2748C35044BAF5DB753E,61563,23271,6598026.31,107.1751
3DA6EE6699DA1EB52D358AA59B8E1CF6B5D77DB224B4CEC0FAAA540610FB3B2E,73836,23995,9584037.72,129.8016
477F4B2CDD3FE2B9FDD7DFB887F98252EF26CECF13EB53289116A1344382256D,39052,17337,5493021.29,140.6591
48A1A756F2D83F1DC57BBF14052B70A6F40D0FCEED6662812E34903A9FE90924,101784,39809,7728429.56,75.9297
535FA30D7E25DD8A49F1536779734EC8286108D115DA5045D77F3B4185D8F790,26886,12433,2608008.21,97.0024
55C8079AC96C6A4F6A94E3460C79E4006D62374CCE6E9FC8B281938A3ABC7627,64550,34984,8230728.57,127.5093
620C9C332101A5BAE955C66AE72268FBCD3972766179522C8DEEDE6A249ADDB7,119500,39670,16552348.67,138.5133
6219B932485FB6275FCF5F657B9148DC67B9E1137BB7B6E9D9D2461DC4B50863,49859,17675,6074224.89,121.828
6566230E3A3CE3774C1BBC7C18B590AE0F457BBCD511E90E3E7DCA2A02E7ADDC,136039,52181,15970662.21,117.3976
6B6803D3F23F64D048B7D5E5D1B828C90AAC1B68BEC5C590100122902A400876,100287,36851,9612178.1,95.8467
72ABACB094771A0A64A5494730EE84E4628681CFCC6523BFF0BC6EBF7C5A5A10,65118,26618,5649980.55,86.7652
74DE057F768BEB42DE17FFC4B8A56100F0BED85947ECACAEF111E3D3EC997950,119707,36581,14386265.16,120.1789
8241649609F88CCD2A0A5B233A07A538EC313FF6ADF695AA44A969DBCA39F67D,51916,20889,6585975.35,126.8582
8B940BE7FB78AAA6B6567DD7A3987996947460DF1C668E698EB92CA77E425349,147833,44570,20527297.22,138.8546
8D27BA37C5D810106B55F3FD6CDB35842007E88754184BFC0E6035F9BCEDE633,47049,17304,3543045.35,75.3054
8E614D39A1F1279958DA1C9F7E8DF51DB4AABCA8CC3A3E84F8C3DC5F88E1FCFB,83741,28011,10255206.23,122.4633
9BDB2AF6799204A299C603994B8E400E4B1FD625EFDB74066CC869FEE42C9DF3,68504,29523,9181203.17,134.0243
9F14025AF0065B30E47E23EBB3B491D39AE8ED17D33739E5FF3827FFB3634953,44067,18255,4139664.95,93.9402
A56B54E1C5933A83F79B301D0C08410A5617B868120DA82B7E088C42A5A8025C,110092,30203,13032003.95,118.3737
A9FFBDF317B2DABF198F59653DA551149AD51173B2014AE1DF5D183C2DDFCF26,31702,11770,3381516.72,106.6657
B543B2A3EDCC48CC0F9D7159522673384B34FBCE51920D75DF4D0C184DD89B18,51845,25869,6202807.66,119.6413
BDD2D3AF3A5A1213497D4F1F7BFCDA898274FE9CB5401BBC0190885664708FC2,127008,46336,10018330.96,78.8795
C6F3AC57944A531490CD39902D0F777715FD005EFAC9A30622D5F5205E7F6894,113493,37544,14669866.43,129.2578
D50D8EA32D67D5120A3AC346C952311F36C8375979BA7AC7A2C6FD0CA7388357,63242,24162,5836328.45,92.2856
D74FE97872D8A425B5263ADD13D51A1066BF0B2CDD5E368D316DFE31048B2104,42599,22939,4748171.74,111.462
D7BE6321B3D940822DD195BCC86CCA411CD9D95F82301D04B84119671575A2D9,83473,31556,9581678.71,114.7877
DB55DA3FC3098E9C42311C6013304FF36B19EF73D12EA932054B5AD51DF4F49D,103741,30792,9483139.12,91.4116
DE02E71BB5C2BC3FD975D07E23072DDA1938242FB9F702EB35924F739E329C3A,77107,21880,9594899.18,124.4361
DE3D43CAAD2BD3C4F0622FC60DEECD06B34A0F25A80E30B81FE051A3C54799BB,94215,31621,13266243.79,140.8081
E3D6C4D4599E00882384CA981EE287ED961FA5F3828E2ADB5E9EA890AB0D0525,169453,59255,12472008.87,73.6015
E4890F15C8A2D18EC1FBE938698D8BC1D83CE1FF91AAF7E932B8B6F176262818,38840,22422,5043853.72,129.8623
EA5B27556FBB134DEF2C2FBF944D9CDDA3DBDB6B10473A1AEC59F6F170C4CA3A,95771,38802,7373324.78,76.9891
EAF89DB7108470DC3F6B23EA90618264B3E8F8B6145371667C4055E9C5CE9F52,62248,28233,7617660.69,122.3759
EE62DE25CCC2B55D3A0495244B246FB97055B6F1C2697D837B8E94976C03756F,68124,25039,8176875.08,120.0292
F53F2FB9B99180EA02B1F345B6C862E6BDDE16E3B82A6886BE0234D09A0E1645,83029,34775,9059118.77,109.1078
F6E0A1E2AC41945A9AA7FF8A8AAA0CEBC12A3BCC981A929AD5CF810A090E11AE,84044,31733,10998837.62,130.8699
FF2CCB6BA423D356BD549ED4BFB76E96976A0DCDE05A09996A1CDB9F83422EC4,78714,30220,10749270.24,136.561
