vehicle_id,vehicle_year,vehicle_make,vehicle_model,vehicle_engine,vehicle_type,drive_type,transmission_type,vehicle_age_years,visit_count,first_service_date,last_service_date,mileage_first,mileage_last,mileage_growth,annualized_mileage,fleet_flag
3A1D0EC7ABB83BC3239DF58DD6CFA4D87CED4496B703CB5E79034A7323185285,2010,TOYOTA,COROLLA,1.8L 4Cyl ([L] 2ZR-FE) Fuel Injected,Car,2WD,Automatic,16,1,3/26/2018 12:00:00 AM,3/26/2018 12:00:00 AM,324684,324684,0,,0
56DC99122A43B4DD8884C7025DF820002869250293EAEBC693AAABA5F7B93022,2011,JEEP,WRANGLER,3.8L 6Cyl ([1] EGT) Fuel Injected,SUV,4X4,Automatic,15,9,9/4/2019 12:00:00 AM,12/8/2023 12:00:00 AM,127817,163626,35809,8405.679466580976,0
752F138673E59FF197C79D693517E1B937E4D50CE1E23BA739502F0D05DD3B81,2011,CHEVROLET TRUCKS,TRAVERSE,3.6L 6Cyl ([D] LLT) Fuel Injected,SUV,2WD,Automatic,15,7,7/21/2018 12:00:00 AM,1/30/2024 12:00:00 AM,145575,206993,61418,11110.908618127785,0
E02D272A62380F0D3EA19999B1B0E5A89EB301FC19181EAB756B9F79FBCC3DD3,2013,FIAT,500,1.4L 4Cyl (EAB) Fuel Injected,Car,2WD,Automatic,13,2,4/3/2019 12:00:00 AM,7/13/2019 12:00:00 AM,75186,82987,7801,28211.04207920792,0
231167645FBF2BBF76EC2D6F9C0EBBD59651AF176D6816B9B2467720C81726ED,2017,HYUNDAI,ELANTRA,2.0L 4Cyl ([F]) Fuel Injected,Car,2WD,Automatic,9,3,5/20/2021 12:00:00 AM,10/16/2023 12:00:00 AM,44484,74588,30104,12509.08532423208,0
81AF610FF2C17CADAFFAE3871179F37BBFBAE66786E05EE1F5E82ABEA4A9C0BB,2016,CHEVROLET,MALIBU LIMITED,2.5L 4Cyl ([A] LCV) Fuel Injected,Car,2WD,Automatic,10,1,5/21/2021 12:00:00 AM,5/21/2021 12:00:00 AM,65982,65982,0,,0
687BFAA1F2B0E4ACB78C581DD4FB90B38C226130ED0BB23A33FCDD8DDB58845F,2023,SUBARU,CROSSTREK,2.0L 4Cyl (FB20D) Fuel Injected,Car,4X4,Automatic,3,9,5/3/2023 12:00:00 AM,6/5/2026 12:00:00 AM,14067,58861,44794,14491.593002657219,0
7860CD600455DA9AF97DA3C04D34E311C964560AF4734ABE46313CD9FD6192F8,2018,CADILLAC,XT5,3.6L 6Cyl ([S] LGX) Fuel Injected,SUV,4X4,Automatic,8,3,4/7/2024 12:00:00 AM,9/12/2025 12:00:00 AM,60875,75914,15039,10502.858030592733,0
D399B1568BF91675D02D096BB498B5E806E86A652C058B40A712A2DE27F43028,2022,FORD TRUCKS,TRANSIT-350 HD,3.5L 6Cyl Turbo ([G] 99G) Fuel Injected,Truck,2WD,Automatic,4,6,8/23/2025 12:00:00 AM,6/2/2026 12:00:00 AM,121346,157515,36169,46681.01501766784,0
3BB44AD6ED566412765237DF819286702807EE3117CC8C9CD826781A37D8D31D,2020,HONDA,CIVIC,2.0L 4Cyl (K20C2) Fuel Injected,Car,2WD,Automatic,6,1,9/20/2025 12:00:00 AM,9/20/2025 12:00:00 AM,46117,46117,0,,0
7F3F67E5134A29D8EA19282D83A23DDD186EA38A50A46C53F3D192B35D1F62CA,2021,CHEVROLET TRUCKS,EXPRESS 2500,4.3L 6Cyl ([P] LV1) Fuel Injected,Truck,2WD,Automatic,5,1,12/18/2024 12:00:00 AM,12/18/2024 12:00:00 AM,77928,77928,0,,1
D868A8894059FB9E3E0755FA7FED5053B35FF8E979EA3878DE2BEA39192AB23D,2016,NISSAN/DATSUN,ALTIMA,2.5L 4Cyl (QR25DE) Fuel Injected,Car,2WD,Automatic,10,1,3/14/2024 12:00:00 AM,3/14/2024 12:00:00 AM,72101,72101,0,,0
877BC196E91C52E6CC093CBB3AFE52D09C4F35155C466A112A10F85BB2B6723B,2013,FORD TRUCKS,F150 PICKUP,3.5L 6Cyl Turbo ([T]) Fuel Injected,Car,2WD,Automatic,13,5,12/2/2021 12:00:00 AM,10/3/2025 12:00:00 AM,77211,86607,9396,2449.5995717344754,0
D198DDADA52B6D0303F32A6C25E705078AB549F0D844771DF92203151F6290AB,2013,CHEVROLET,SONIC,1.8L 4Cyl Alternate Fuel ([H] LUW) Fuel Injected,Car,2WD,Automatic,13,9,3/7/2022 12:00:00 AM,1/30/2026 12:00:00 AM,94663,149034,54371,13936.145789473683,0
71AE989BC4FB3B31CF3ED33703EAAF4B10D8361B2FD3E3C39B7328DBB4F8AEFB,2008,HONDA,CR-V,2.4L 4Cyl (K24Z1) Fuel Injected,SUV,4X4,Automatic,18,12,2/14/2022 12:00:00 AM,4/8/2026 12:00:00 AM,104294,187764,83470,20136.99966974901,0
D0F55844AC4B8AC1435633A58C09FBC7D7D3689EFDE794A5F10D3F2EE71DD0CF,2011,CHEVROLET TRUCKS,SILVERADO 1500 PICKUP,5.3L 8Cyl Alternate Fuel ([0] LMG) Fuel Injected,Truck,2WD,Automatic,15,1,3/3/2018 12:00:00 AM,3/3/2018 12:00:00 AM,186260,186260,0,,0
F73B1E3B70DC48E8A6758267B36FA2C011BBE71A739D8228BCC318D6E0DDB76B,2015,FORD,EDGE,2.0L 4Cyl Turbo ([9]) Fuel Injected,SUV,2WD,Automatic,11,8,11/22/2023 12:00:00 AM,3/13/2024 12:00:00 AM,121077,132458,11381,37115.27008928571,0
BA167236C3E7718E860E2FD79CF7A94B03C24DC4E93E42AEEF5118DAB4F3226F,2018,CHEVROLET TRUCKS,EQUINOX,1.5L 4Cyl Turbo ([V] LYX) Fuel Injected,SUV,2WD,Automatic,8,6,4/23/2024 12:00:00 AM,2/19/2025 12:00:00 AM,49132,163781,114649,138660.7524834437,0
DD241F54B3E79CED3548EAD547C84A009F9CA048953CB622A4E19F62EA8366AA,2019,CHEVROLET TRUCKS,EQUINOX,1.5L 4Cyl Turbo ([V] LYX) Fuel Injected,SUV,2WD,Automatic,7,5,6/4/2024 12:00:00 AM,4/15/2026 12:00:00 AM,46750,68204,21454,11523.6375,0
1BE88B57328F2E115D96F0674580EE5AD046319DC24908F90297853C7639F0D0,2007,TOYOTA,CAMRY,2.4L 4Cyl (2AZ-FE) Fuel Injected,Car,2WD,Automatic,19,2,11/3/2020 12:00:00 AM,5/20/2022 12:00:00 AM,170032,178635,8603,5581.253552397869,0
66A046DDBD83E675517CCBE74DD81228525001D658179271D1C9AEE43D95561F,2011,TOYOTA,SIENNA VAN,3.5L 6Cyl (2GRFE) Fuel Injected,Car,2WD,Automatic,15,12,6/14/2018 12:00:00 AM,8/4/2021 12:00:00 AM,180009,295115,115106,36654.28639930253,0
8052FF4653AFA23D8FF61E8B24242734D25C4304970D3A52965E00B3E6ACE9A0,2016,CHEVROLET,CRUZE LIMITED,1.8L 4Cyl ([G] LWE) Fuel Injected,Car,2WD,Automatic,10,1,6/25/2024 12:00:00 AM,6/25/2024 12:00:00 AM,141488,141488,0,,0
914A8C0140DFC4793BE1EDC66D93D6BAC4F93EA14DA1894E0CC51A7AFCFFBD30,2015,KIA,OPTIMA,2.4L 4Cyl ([7]) Fuel Injected,Car,2WD,Automatic,11,5,5/10/2018 12:00:00 AM,7/20/2020 12:00:00 AM,44590,88055,43465,19795.00155860349,0
C7EE97FE975CA4249C1A0CABB0375CBBD5F10BFA462405AE9D2EEEE197863E2F,2016,JEEP,GRAND CHEROKEE,3.6L 6Cyl Alternate Fuel ([G] ERC) Fuel Injected,Truck,4X4,Automatic,10,6,9/8/2019 12:00:00 AM,3/25/2023 12:00:00 AM,25305,51855,26550,7494.117078825348,1
3711F63C752CE99DC61AA735F86121CFE69EF7EC5417652CB1170950E6CCB709,2015,CHEVROLET TRUCKS,TRAVERSE,3.6L 6Cyl ([D] LLT) Fuel Injected,SUV,2WD,Automatic,11,23,5/22/2019 12:00:00 AM,5/9/2026 12:00:00 AM,58760,157691,98931,14203.831662735847,0
05D79D4C098D0F2D4A4BF88502D16F1A9B5278A0F7EAE2B4AA4256CBF85890DA,2016,HYUNDAI,SANTA FE SPORT,2.4L 4Cyl ([B]) Fuel Injected,SUV,4X4,Automatic,10,4,2/5/2022 12:00:00 AM,2/13/2026 12:00:00 AM,58745,82043,23298,5792.780462899932,0
1101A2DF0F1C8DBCDE20A7CB6531E883CB1BD16E0C46FB2A0F70F8F8D9E05328,2007,DODGE TRUCKS,DAKOTA,3.7L 6Cyl ([K]) Fuel Injected,Truck,4X4,Automatic,19,10,4/22/2018 12:00:00 AM,12/20/2021 12:00:00 AM,103944,129658,25714,7019.460762331839,0
58A386D88006766244E3671513FE4EF61C231EB92B0FA995F49E5946E61856F6,2015,RAM,3500 PICKUP,6.4L 8Cyl ([J] ESB) Fuel Injected,Truck,2WD,Automatic,11,5,4/19/2018 12:00:00 AM,1/29/2020 12:00:00 AM,19238,65575,46337,26037.829615384613,0
D49EAE60D0B30D83ACDCFB5DCC8896CB41A031AC9EB753F5F6D2EFFD6A160490,2011,HONDA,ODYSSEY,3.5L 6Cyl (J35Z8) Fuel Injected,SUV,2WD,Automatic,15,6,3/1/2023 12:00:00 AM,12/26/2025 12:00:00 AM,102999,130272,27273,9661.943016488845,0
805D5F523344678AF52174438813053EF91F5C33F40628A8BE6F54F33B049B1A,2011,TOYOTA,CAMRY,2.5L 4Cyl (2AR-FE) Fuel Injected,Car,2WD,Automatic,15,1,4/22/2026 12:00:00 AM,4/22/2026 12:00:00 AM,236577,236577,0,,0
E388698652577C7418A5FC822972F0B0569CF6F0E935376118869C7B0F8FBAE3,2022,JEEP,COMPASS,2.4L 4Cyl ([B] EDE) Fuel Injected,SUV,4X4,Automatic,4,1,9/15/2024 12:00:00 AM,9/15/2024 12:00:00 AM,31336,31336,0,,0
97621534BF63108C35F2602A0F6012220E82D29E38E2DCB20CF7191C2BB87594,2017,TOYOTA,COROLLA,1.8L 4Cyl ([U] 2ZR-FE) Fuel Injected,Car,2WD,Automatic,9,1,7/16/2022 12:00:00 AM,7/16/2022 12:00:00 AM,104974,104974,0,,0
47507D67C73658B913A3652CA8E50FB8B16B8FDE581D3B519F61B2A725E5AE67,2012,HONDA,CR-V,2.4L 4Cyl (K24Z7) Fuel Injected,Car,2WD,Automatic,14,9,5/17/2019 12:00:00 AM,4/10/2026 12:00:00 AM,44979,72189,27210,3943.830357142857,0
BC19A92B039787A9C1D7D032CA3878E17135710DA3846779F82525F182839D9D,2014,TOYOTA,COROLLA,1.8L 4Cyl ([U] 2ZR-FE) Fuel Injected,Car,2WD,Automatic,12,6,5/8/2023 12:00:00 AM,7/1/2025 12:00:00 AM,148984,172823,23839,11091.967834394904,0
AD3C3DB902AA7868150613F1E9ACF9785EEF20CC4471AC525610A7E11B207BB0,2009,ACURA,TSX,2.4L 4Cyl (K24Z3) Fuel Injected,Car,2WD,Automatic,17,4,6/7/2018 12:00:00 AM,11/14/2021 12:00:00 AM,152472,246028,93556,27206.47213375796,0
E5A78871F353B4808DE55F836B18BD522FEFB0D6E2B8AD91F2F223DF1D7F1850,2010,HONDA,PILOT,3.5L 6Cyl (J35Z4) Fuel Injected,SUV,4X4,Automatic,16,12,4/26/2018 12:00:00 AM,5/29/2020 12:00:00 AM,253536,332581,79045,37789.51079842932,0
5F6812743F0D32B6D4B49E9D8AAD41AD6235FB85DC950A24DD6D6DB59E8F48D1,2008,NISSAN/DATSUN,ROGUE,2.5L 4Cyl (QR25DE) Fuel Injected,SUV,2WD,Automatic,18,1,11/21/2019 12:00:00 AM,11/21/2019 12:00:00 AM,157804,157804,0,,0
BDC91C52164F9C8924F30089BBCBE768528DEE37ED62590F7C40807195089CCC,2013,HONDA,PILOT,3.5L 6Cyl (J35Z4) Fuel Injected,SUV,4X4,Automatic,13,1,4/13/2022 12:00:00 AM,4/13/2022 12:00:00 AM,118808,118808,0,,0
8470A38609F096804450CFC76A30F76AEAEE696E4B562A3BDC6AF9EE120C2412,2019,FORD TRUCKS,F250 HD PICKUP,6.2L 8Cyl Alternate Fuel ([6]) Fuel Injected,Truck,4X4,Automatic,7,2,1/17/2022 12:00:00 AM,4/25/2026 12:00:00 AM,54724,130784,76060,17819.70173187941,1
2A4AF42FA6159C1512F5333D487F3C029AAED1F9EDC6F2C4A717DAF82D4A97C5,2014,RAM,CARGO VAN,3.6L 6Cyl Alternate Fuel ([G] ERB) Fuel Injected,Car,2WD,Automatic,12,1,12/10/2021 12:00:00 AM,12/10/2021 12:00:00 AM,223304,223304,0,,0
68C30A3F103A6ED0BBB12C9086DF824A6F41B560910F3A0CEECE09B098111B57,2021,TOYOTA,HIGHLANDER,2.5L 4Cyl Alternate Fuel (A25A-FXS) Fuel Injected,SUV,4X4,Automatic,5,2,12/27/2021 12:00:00 AM,6/24/2023 12:00:00 AM,13360,45688,32328,21705.51838235294,1
75F97619DEE5E7246E5B14CECCB09F3AF1230EEDDEA4D4B5A0CBACD5B2DE6A50,2012,ACURA,MDX,3.7L 6Cyl (J37A1) Fuel Injected,SUV,4X4,Automatic,14,22,2/28/2023 12:00:00 AM,5/1/2026 12:00:00 AM,142135,206073,63938,20166.97279792746,0
5F24967CF7E3CF9B85D75AD0152DAA717175B5882B86E2C12526F184F3D23A3F,2017,HONDA,ACCORD,2.4L 4Cyl (K24W1) Fuel Injected,Car,2WD,Automatic,9,1,10/27/2023 12:00:00 AM,10/27/2023 12:00:00 AM,160394,160394,0,,1
A3E54067C2B97E74C4834B9A775946E76EF2ECC4192745A27B33C89812EC8237,2009,LEXUS,ES350,3.5L 6Cyl (2GRFE) Fuel Injected,Car,2WD,Automatic,17,1,3/6/2020 12:00:00 AM,3/6/2020 12:00:00 AM,94779,94779,0,,0
17E0348679F3838BE5235917A54D32626D4984F5D45A8283A17C99E5D2DAA60B,2014,RAM,1500 PICKUP,5.7L 8Cyl ([T] EZH) Fuel Injected,Truck,4X4,Automatic,12,7,7/13/2021 12:00:00 AM,6/25/2026 12:00:00 AM,75430,110219,34789,7028.032217920354,1
C587B57CB1643B75ABB5E04E84FE2591DC64E026557760F03E3C0C28F969BABF,2019,FORD,FUSION,1.5L 4Cyl Turbo ([D]) Fuel Injected,Car,2WD,Automatic,7,6,2/5/2021 12:00:00 AM,9/9/2023 12:00:00 AM,46913,101320,54407,21006.508192389007,0
047275D01A0D67E469AD17ECADBDCFC0E2CB65B03EB4EEEF80B275E16D337A85,2014,NISSAN/DATSUN,ROGUE SELECT,2.5L 4Cyl (QR25DE) Fuel Injected,SUV,2WD,Automatic,12,13,4/16/2021 12:00:00 AM,5/9/2024 12:00:00 AM,76981,116831,39850,13007.339142091152,0
657621E7037891E6CDF704C8705110E894B09D92E052FBF77AEA1D812097FC06,2010,TOYOTA,HIGHLANDER,3.5L 6Cyl (2GRFE) Fuel Injected,Car,2WD,Automatic,16,7,8/8/2019 12:00:00 AM,1/9/2026 12:00:00 AM,168711,277499,108788,16937.262148337595,0
ECD3E813CDD5728F0E84099E17D7D8926C5F70D63601C1B1CBBB29FA98B1ADAA,2013,CHEVROLET TRUCKS,SILVERADO 2500 HD PICKUP,6.0L 8Cyl Alternate Fuel ([G] L96) Fuel Injected,Truck,4X4,Automatic,13,12,7/3/2018 12:00:00 AM,6/30/2025 12:00:00 AM,94802,183091,88289,12626.294929522315,0
3CC7D9930740861BB64562D6F6B672455A333E8C81A0474804E48975766A9C68,2020,KIA,SOUL,2.0L 4Cyl ([U]) Fuel Injected,Car,2WD,Automatic,6,4,11/29/2020 12:00:00 AM,1/22/2023 12:00:00 AM,12261,23991,11730,5464.773596938776,0
D18854FEA3D6E45C2C60E75C18D6ACEF570CAF71968C2BA1805434509578E1E2,2009,DODGE,CALIBER,2.0L 4Cyl ([A]) Fuel Injected,Car,2WD,Automatic,17,7,6/7/2019 12:00:00 AM,5/1/2021 12:00:00 AM,82506,123602,41096,21628.69452449568,0
238DF5471A202BA3D0FEF9A3E53FD7C688EAA14FC875B00976AED42BBF6DCC43,2010,HONDA,ELEMENT,2.4L 4Cyl (K24A8) Fuel Injected,Car,2WD,Automatic,16,4,12/22/2020 12:00:00 AM,7/30/2022 12:00:00 AM,108316,123163,14847,9269.857692307693,0
DF51BB8A23A19912635A321D898FA34F04B8A0D58618BE6B05EE0F142CCA9063,2016,TOYOTA,COROLLA,1.8L 4Cyl ([U] 2ZR-FE) Fuel Injected,Car,2WD,Automatic,10,11,11/10/2020 12:00:00 AM,9/30/2025 12:00:00 AM,42262,94356,52094,10659.570588235294,0
2F817FC7FC591739BADF2BD620A54DBFAD5BBD322084576E583249C909315015,2015,LEXUS,RX350,3.5L 6Cyl (2GRFE) Fuel Injected,Car,2WD,Automatic,11,5,9/17/2022 12:00:00 AM,6/14/2025 12:00:00 AM,43579,58258,14679,5356.1486013986005,0
746A5C029549A40E6EB29C0A85A3EF10B248F3FF39947452AB3EA0AB996628A2,2017,VOLKSWAGEN,JETTA,1.4L 4Cyl Turbo (CZTA) Fuel Injected,Car,2WD,Automatic,9,5,6/16/2022 12:00:00 AM,9/19/2024 12:00:00 AM,50876,80448,29572,13076.480629539952,0
22B3BD6331D0046DD35E9ED7062F6254825091B1C38959A7F5AD49DFD6DC75B1,2013,MAZDA,CX-5,2.0L 4Cyl ([E]) Fuel Injected,Car,2WD,Automatic,13,5,1/5/2022 12:00:00 AM,4/30/2025 12:00:00 AM,132682,202086,69404,20932.95706028076,0
FE10A5EF1AEB93740137840C64BCF7961CBA96B305497DDAE617491972C8E68A,2012,TOYOTA,CAMRY,2.5L 4Cyl (2AR-FE) Fuel Injected,Car,2WD,Automatic,14,1,7/26/2020 12:00:00 AM,7/26/2020 12:00:00 AM,114095,114095,0,,0
CFAC88948B5250F0456A64570198769619B5927590729EDBC0D21E4A12FF442A,2023,HONDA,ACCORD,2.0L 4Cyl Alternate Fuel (LFC5) Fuel Injected,Car,2WD,Automatic,3,10,7/22/2024 12:00:00 AM,3/27/2026 12:00:00 AM,32556,115697,83141,49538.7442903752,0
678FEBDEF70532033BD6406784B5539248ADFC20A287345D81301EB2302F908F,2015,TOYOTA,CAMRY,2.5L 4Cyl (2AR-FE) Fuel Injected,Car,2WD,Automatic,11,6,11/23/2024 12:00:00 AM,4/29/2026 12:00:00 AM,102024,123334,21310,14910.876436781607,0
E62D60EFF66EF1C63ECFD2148088A987B7125F7277D1B2DE93DF4C465DE6A33E,2012,GMC TRUCKS,SAVANA 3500,4.8L 8Cyl Alternate Fuel ([A] L20) Fuel Injected,Truck,2WD,Automatic,14,5,1/17/2025 12:00:00 AM,8/15/2025 12:00:00 AM,111919,125097,13178,22920.307142857146,0
D451F78E385ABF9A4464C7336040D77413E743C4CC36757BB4C7A169577E61D9,2008,DODGE,GRAND CARAVAN,3.8L 6Cyl ([P]) Fuel Injected,Car,2WD,Automatic,18,6,11/21/2018 12:00:00 AM,3/5/2021 12:00:00 AM,75537,143006,67469,29512.6374251497,0
091BAA3C26ED7FA32E170E0E72B1BBF33C952B4B75CD291FC843A29EDBCBD438,2022,ACURA,TLX,2.0L 4Cyl Turbo (K20C6) Fuel Injected,Car,4X4,Automatic,4,8,6/22/2020 12:00:00 AM,5/9/2023 12:00:00 AM,9072,56628,47556,16526.954329210275,0
42843C12423676E33D24F6976C0CDB5B64870B1FC894064FDCC3104291D5BDA9,2023,FORD TRUCKS,MAVERICK,2.5L 4Cyl Alternate Fuel ([3] 993) Fuel Injected,Car,2WD,Automatic,3,2,7/14/2025 12:00:00 AM,9/21/2025 12:00:00 AM,25876,31531,5655,29934.619565217392,1
2CA0B81B80301F64F4B75C15C571479B2C4F7364EBBB4E4F20EBB26C8F1A5549,2009,CHEVROLET TRUCKS,TAHOE,5.3L 8Cyl Alternate Fuel ([0] LMG) Fuel Injected,SUV,4X4,Automatic,17,1,9/8/2020 12:00:00 AM,9/8/2020 12:00:00 AM,267561,267561,0,,0
7B03595E8BD6443807C9B27D8F0A74C3DC92BD4305999D10F4EA4070E4A6AD29,2023,NISSAN/DATSUN,ROGUE,1.5L 3Cyl Turbo (KR15DDT) Fuel Injected,Car,2WD,Automatic,3,8,4/17/2024 12:00:00 AM,5/21/2026 12:00:00 AM,16980,51571,34591,16537.12401832461,0
780B8B37250890F8DA2C1723BE0990C235B1EA739272B8233500C11CB572BB5D,2017,TOYOTA,CAMRY,2.5L 4Cyl (2AR-FE) Fuel Injected,Car,2WD,Automatic,9,4,7/25/2023 12:00:00 AM,10/6/2025 12:00:00 AM,133862,194139,60277,27383.301305970148,0
2C530D17026CFC2057A15D40718EB0E50C0A73BE6A6C3F03E5C32DC9BAE5C13F,2007,CHEVROLET,COBALT,2.2L 4Cyl ([F]) Fuel Injected,Car,2WD,Automatic,19,8,6/4/2019 12:00:00 AM,6/1/2022 12:00:00 AM,180025,196168,16143,5394.538655077768,0
C230D468D0D785925B3CB87AF8790D02F8017ACC792C40D6ABD48808643634A7,2003,FORD TRUCKS,F150 PICKUP,4.6L 8Cyl ([6]) Fuel Injected,Truck,2WD,Automatic,23,7,6/18/2019 12:00:00 AM,5/14/2021 12:00:00 AM,230000,333328,103328,54224.93103448276,0
997DB713E32B466C6B6152E01AEBBB5E96C9CEDAFCA8B3EABC6F9BF20B850816,2013,HONDA,ACCORD,2.4L 4Cyl (K24W1) Fuel Injected,Car,2WD,Automatic,13,7,6/27/2019 12:00:00 AM,8/11/2022 12:00:00 AM,102590,143629,41039,13137.155784399649,0
B3B7100DD782F21C1AA33A95E71EC894BADC3A2DE33A8DFD413DEC7E58B2E169,2016,JEEP,CHEROKEE,3.2L 6Cyl ([S] EHK) Fuel Injected,SUV,4X4,Automatic,10,6,10/18/2020 12:00:00 AM,4/19/2025 12:00:00 AM,64127,122728,58601,13019.473996350363,0
E5658D31954F6E7328034EE7AA68A207B6D093AC113C2B46B74FCCD48F933943,2013,DODGE,AVENGER,2.4L 4Cyl ([B] EDG) Fuel Injected,Car,2WD,Automatic,13,6,12/12/2023 12:00:00 AM,2/17/2026 12:00:00 AM,121726,149687,27961,12797.938909774435,0
9487F358F4111CBC4A634AB6285D1537E64937B4FA4B3073976452952235E70E,2019,DODGE,GRAND CARAVAN,3.6L 6Cyl ([G] ERB) Fuel Injected,Truck,2WD,Automatic,7,5,9/30/2023 12:00:00 AM,11/25/2025 12:00:00 AM,61528,78069,16541,7676.74745870394,0
41643F735F740A31B4AC4B76328DD40DED3441752AB17FF8F27FE40E3AF92346,2018,FORD TRUCKS,F150 PICKUP,3.5L 6Cyl Turbo ([G]) Fuel Injected,Truck,4X4,Automatic,8,5,8/19/2024 12:00:00 AM,3/14/2026 12:00:00 AM,73857,83633,9776,6242.454545454546,0
06142FEE22C0995B84878192C32128176B340B6F7D0F46A6EEF6FBF906A4C987,2018,HYUNDAI,ELANTRA,2.0L 4Cyl ([F]) Fuel Injected,Car,2WD,Automatic,8,4,7/14/2019 12:00:00 AM,4/18/2026 12:00:00 AM,17749,91901,74152,10965.18947368421,0
9686FBF8222429D9DE5E081CAD6851C1E00F2A22E43F2FFED991AAC1BC8FAD4D,2015,CHRYSLER,200,2.4L 4Cyl ([B] ED6) Fuel Injected,Car,2WD,Automatic,11,16,5/1/2019 12:00:00 AM,4/13/2026 12:00:00 AM,74300,159347,85047,12234.508369436786,0
77C9F7EAA6A255ECFDD3EA5F54538B720DFAA7E3FE795CC3217F59191AB10E51,2012,HYUNDAI,SANTA FE,3.5L 6Cyl ([G]) Fuel Injected,SUV,4X4,Automatic,14,1,6/20/2020 12:00:00 AM,6/20/2020 12:00:00 AM,125354,125354,0,,0
2F1E76FBA6C4DCB07BC30A88FBCA790F395ED393DB7BB8213BFA162970908D2F,2018,DODGE TRUCKS,DURANGO,3.6L 6Cyl ([G] ERC) Fuel Injected,SUV,4X4,Automatic,8,2,11/20/2018 12:00:00 AM,8/24/2021 12:00:00 AM,15049,44033,28984,10502.386904761905,1
3AA8096176EB76C23FF548402161168C5A4C0DD4156197BFA990D8DDACE159EA,2012,FORD TRUCKS,F250 HD PICKUP,6.2L 8Cyl Alternate Fuel ([6]) Fuel Injected,Car,2WD,Automatic,14,7,5/6/2019 12:00:00 AM,5/6/2024 12:00:00 AM,124490,203325,78835,15760.52750410509,0
7CFA50AC666E9A8D04EA4D4262FA8AA9315BFED0B372AC2DAC18949C45836A0D,2007,HONDA,CIVIC,1.8L 4Cyl (R18A1) Fuel Injected,Car,2WD,Automatic,19,3,10/12/2019 12:00:00 AM,1/5/2021 12:00:00 AM,271921,282197,10276,8322.192904656318,0
9A1A0064715197458BE71A044F1E25595FBF35BBD39154C0DAAC8D007813D32E,2010,FORD TRUCKS,F150 PICKUP,5.4L 8Cyl Alternate Fuel ([V]) Fuel Injected,Truck,2WD,Automatic,16,22,5/9/2018 12:00:00 AM,3/26/2026 12:00:00 AM,107389,258470,151081,19173.84824530924,0
85495FC1EDFDC05137D45D51F754759FA249CFB0DF3ABFE2AE1B1678ABCF8B22,2017,CHEVROLET,MALIBU,1.5L 4Cyl Turbo ([T] LFV) Fuel Injected,Car,2WD,Automatic,9,6,1/26/2019 12:00:00 AM,9/18/2022 12:00:00 AM,9892,24775,14883,4084.1590909090905,1
37BBEA6C915FF6DBA43A8D1F6034A948727B417FA0D6B770E5C731C271757D0F,2012,ACURA,TSX,2.4L 4Cyl (K24Z3) Fuel Injected,Car,2WD,Automatic,14,1,3/20/2019 12:00:00 AM,3/20/2019 12:00:00 AM,102429,102429,0,,1
612E5D5869D0CB3C4FCA29363CA86F838060409C02F496CA580CD824DAE4D7C4,2016,DODGE TRUCKS,DURANGO,5.7L 8Cyl ([T] EZH) Fuel Injected,Car,2WD,Automatic,10,7,6/23/2018 12:00:00 AM,1/8/2020 12:00:00 AM,99802,129782,29980,19415.239361702126,0
7CEBA83CF8AFAAB94A8BB530E06BB695D8D416CFB676EB1423ECFA057B047892,2014,HYUNDAI,SONATA,2.4L 4Cyl ([C]) Fuel Injected,Car,2WD,Automatic,12,14,6/9/2018 12:00:00 AM,3/25/2022 12:00:00 AM,81242,143338,62096,16375.858483754511,0
4876BB90E822A01ECBA2073119DC547A6658B2A1EBD260A13B8CD7E08BD76B59,2012,ACURA,TSX,2.4L 4Cyl (K24Z3) Fuel Injected,Car,2WD,Automatic,14,19,4/20/2020 12:00:00 AM,5/26/2026 12:00:00 AM,150570,254971,104401,17122.79535249214,0
AEB1B17FECF3ADC154105DCF13AB5C3BE6592071D97773107B79A22604AC68C6,2014,HONDA,ACCORD,2.4L 4Cyl (K24W1) Fuel Injected,Car,2WD,Automatic,12,8,1/30/2019 12:00:00 AM,8/17/2022 12:00:00 AM,61014,109718,48704,13736.784555984555,0
CF06418972666613504B8A298C1C5E38F05A1013F7391B7814CC5EFE737B7B41,2016,GMC TRUCKS,YUKON,5.3L 8Cyl Alternate Fuel ([C] L83) Fuel Injected,Truck,4X4,Automatic,10,30,4/17/2018 12:00:00 AM,1/16/2026 12:00:00 AM,53291,232998,179707,23185.4403920876,1
A66075EEC9554867558FD3C8F0B1DFE0F26A9505103DF38AF5F488B4626FC7C7,2008,TOYOTA,HIGHLANDER,3.5L 6Cyl (2GRFE) Fuel Injected,Car,2WD,Automatic,18,18,5/9/2018 12:00:00 AM,3/25/2023 12:00:00 AM,93360,168062,74702,15319.991858506455,0
CAA28BFB85CCAF4819D40900868CF30F3FFC4F6D06F71F4EDCD83732B0D6DB95,2013,FORD,EDGE,3.5L 6Cyl ([C]) Fuel Injected,SUV,2WD,Automatic,13,6,2/8/2019 12:00:00 AM,6/18/2023 12:00:00 AM,94528,149209,54681,12553.259113764929,0
98AB95C054E26EF8CF3765B5D3E54CDD8B194A0F056108390D9C18463F4E266A,2017,FORD TRUCKS,F250 HD PICKUP,6.2L 8Cyl Alternate Fuel ([6]) Fuel Injected,Truck,4X4,Automatic,9,6,7/12/2019 12:00:00 AM,6/5/2026 12:00:00 AM,43670,220788,177118,25671.56726190476,0
78F346E38AC242D67081A71D845E192362BEB902FB0BD6A9C07E7334C6A5B422,2018,VOLKSWAGEN,TIGUAN,2.0L 4Cyl Turbo (DGUA) Fuel Injected,SUV,4X4,Automatic,8,5,9/22/2020 12:00:00 AM,2/8/2026 12:00:00 AM,49894,149531,99637,18520.312595419848,1
087F3AAEDC57F48DD6A0CE9A0C5793108174122283BBF1FDFC95EDF04DB0AED9,2013,NISSAN/DATSUN,ALTIMA,2.5L 4Cyl (QR25DE) Fuel Injected,Car,2WD,Automatic,13,3,3/21/2020 12:00:00 AM,6/18/2021 12:00:00 AM,136291,171934,35643,28675.343061674008,0
6453248C2F5E679E5A49BE60381F86114228D4AC00B7841713DE38A96977B108,2015,FORD,EDGE,2.0L 4Cyl Turbo ([9]) Fuel Injected,Car,2WD,Automatic,11,7,9/12/2019 12:00:00 AM,8/3/2021 12:00:00 AM,42402,70479,28077,14840.99023154848,1
78D7F40962C9E47A59509A8AE5EC341C53079F56A92773D67C0B605A3E6FEF55,2019,FORD TRUCKS,TRANSIT-250,3.7L 6Cyl ([M] 99M) Fuel Injected,Car,2WD,Automatic,7,5,2/25/2020 12:00:00 AM,5/22/2025 12:00:00 AM,8644,101590,92946,17746.22399372713,0
3BB1910D1B692517E20A4FFDD49010BCE4A008FBC43579639C78942C8C0806B6,2022,MITSUBISHI,OUTLANDER,2.5L 4Cyl (PR25DD) Fuel Injected,SUV,2WD,Automatic,4,1,2/15/2025 12:00:00 AM,2/15/2025 12:00:00 AM,51992,51992,0,,0
6E83EC3DE50CF348475C2610EF98D0206099CDFEF6DD02A0D198422468E6022E,2009,PONTIAC,G6,2.4L 4Cyl ([B]) Fuel Injected,Car,2WD,Automatic,17,1,10/24/2025 12:00:00 AM,10/24/2025 12:00:00 AM,233336,233336,0,,0
6B1A445BF5D35B6457E2640F9E1B9DBD5461CF7E4C7818945924BE2FEF530E33,2013,DODGE,CHARGER,3.6L 6Cyl Alternate Fuel ([G] ERB) Fuel Injected,Car,2WD,Automatic,13,3,8/2/2025 12:00:00 AM,10/18/2025 12:00:00 AM,189165,197109,7944,37682.41558441558,0
03E2635DC2B87BEE94D52341FCA4E441DD377237B5A21B44B694F7C08CA6F8A1,2020,FORD TRUCKS,EXPLORER,2.3L 4Cyl Turbo ([H] 99H) Fuel Injected,SUV,4X4,Automatic,6,1,7/31/2023 12:00:00 AM,7/31/2023 12:00:00 AM,33289,33289,0,,0
826A8678C6F460129B82F46E5EFFCE433FBAD93886651DC6324EDD08F9723B70,2013,HONDA,ACCORD,2.4L 4Cyl (K24W1) Fuel Injected,Car,2WD,Automatic,13,9,6/3/2019 12:00:00 AM,3/9/2023 12:00:00 AM,87270,122851,35581,9451.607454545454,1
BB79CACECD4E9B179EA9EE0530FA8308D5CA9C81DE6C061927AE3DECB2E97B4B,2018,FORD TRUCKS,ESCAPE,2.5L 4Cyl ([7]) Fuel Injected,SUV,4X4,Automatic,8,12,7/16/2019 12:00:00 AM,11/8/2023 12:00:00 AM,11015,61488,50473,11697.50206218274,1
